kmers	test1	test2	test4	test7
CAATTTCCAACCAGCGATGACGTATAGATAC	0	1	0	0
ACACCTTCAATGCCCTTCTCGAAGGCGGCCA	1	1	0	0
GCAGGTGGCGGACAACCTCAAGCACGGCTAC	1	1	0	0
AGAGACCGGCGATTCTAGTGAAATCGAAAAT	0	0	1	1
TACAAGGAAGTCATTTTTCTTTTAAAGGATA	1	1	0	0
CCCGCGCTTTCCTTATTAATAGGCAGCAAGC	1	1	0	0
GGCTGTTTCCTTCCTGAGCGAAGCCTGGGGA	1	1	0	0
GATTTCACTAGAATCGCCGGTCTCCACACAC	1	0	0	0
AGTTCTTCCACACCTTCAATGCCCTTCTCGA	1	1	0	0
GTCCTCGCGGATATCCGCGTCGGATTCCCTA	1	0	0	0
CAGGTCCTTCAGCGACTCGCGAATCAGCTCG	1	1	0	0
TGCCCGCGCTTTCCTTATTAATAGGCAGCAA	1	1	0	0
AAGCGCTTGAATTCGTTGATGGCGTTGAGCT	1	1	0	0
AGTGAAATCGAAAATAATAAAGAGACCGGCG	0	0	1	1
CGGCGGCCAGCGGATCGATGCTGGGTTCTTC	1	1	0	0
CTCTTGGTGCATAACTCGATGAAGCCCAGCA	1	0	0	0
CCGCGCTTTCCTTATTAATAGGCAGCAAGCG	1	1	0	0
GGGGCCTGACGGTGGCCGTCGAGCCGCCGGA	1	1	0	0
CGCTCAACTTAGGGAATCCGACGCGGATATC	1	0	0	0
GGCGTGGCCTTCGGCGGTCGGGATCACACCA	1	0	0	0
CCCGCCTCCGGTTGCTCCGCCGCCGGCGCCA	1	1	0	0
AAACAGCCTCGACACCGGTTCTCGACAACCT	1	1	0	0
CCACCCGGGTTTCCAGTTCCGGCGGCTCGAC	1	1	0	0
GAGCGCAACGTCCAGGTCGAAGGTGCGCTGA	1	1	0	0
CGGCGCCAGTGCAGCCGGTATCGGCCGCGCC	1	1	0	0
GCATGCATCAGGTGGGTCTTGCCCAGACCGA	1	1	0	0
ATTCAAGCGCTTCTACCGCTCGGTGGACGCA	1	1	0	0
ACGACATCCAGTTCTTCGCCCGTAAGGAGCG	1	1	0	0
CGCCTGGCAGGTGGCGGACAACCTCAAGCAC	1	1	0	0
CGCTGGCCGCCGCCATGCCGGCCGGAGCAGC	1	1	0	0
AATAAAAGCAGGCAGGCCGACGGACGGTCGT	1	1	0	0
ACCTGCTGGCCGCCTTCGAGAAGGGCATTGA	1	1	0	0
GTCGAGACGAGGCTGTTTCCTTCCTGAGCGA	1	0	0	0
CACCATCGAGCTGATTCGCGAGTCGCTGAAG	1	1	0	0
AGAAAAATGACTTCCTTGTATCTATCTATTA	1	0	0	0
CCGAAGCGGGATTTCAGCCGCTCTTCCAGGC	1	1	0	0
CCCAGCGTGTCGAGCGATCCCTATGAGCCGG	1	1	0	0
CTATCTCAACCGTACCTTCACCTTCGAGAAC	1	1	0	0
GGTACATCCCTGCGCACAGCCGTGTGGAAAA	1	1	0	0
AGAGACCGGCGATTCTAGTGAAATCGAACAA	0	0	1	1
CACCCGCTTCAGCGCACCTTCCAGTTCGCGC	1	1	0	0
CCGGAGGCGGGGGAGCCACGTGGGTCTGCGA	1	1	0	0
CGCGGGCCAACTGGTTGGACTTGCCCTCGAC	1	1	0	0
GAAGAGCTGCCGCCAGTGACGACGGCTCCCA	1	1	0	0
CTGGACGTTGCGCTCGGTGCGCACCGCAGGC	1	1	0	0
ACCCCCTTCAAAGCAAGGGTTATCCACAAAG	1	1	0	0
AAGCGCGGGCAACTGACCCTCGCCGCGTTCA	1	1	0	0
CGATTCTAGTGAAATCGAAAAATACAAAGAG	0	0	1	1
GCTGTGGTTGGTCAGCTCCTTGGAGAGCGCC	1	0	0	0
ACCGCTATCCGAAGGAAATCGAAGGCCTGGA	1	1	0	0
GCACGTTGGAACGGATGCGCTGGGCGATGAA	1	1	0	0
AGCGCACCGTCGCCGAGTACTACAAGATCAA	1	1	0	0
CAAGCGGCGTTCGCGCTCGGTGGCGCGCCCG	1	0	0	0
GCAACACCGTGGTGTGATCCCGACCGCCGAA	1	0	0	0
CGACAACCTTTTGCCTGCCGGAGAAACACGC	1	1	0	0
CGCGGCCGATACCGGCTGCACTGGCGCCGGC	1	1	0	0
CAATGCCCTTCTCGAAGGCGGCCAGCAGGTG	1	1	0	0
CGCCATGGCCACCTGGCGCGGGCGCGCCACC	1	0	0	0
TCTTGCCCAGACCGACGCCACCGTAGAGGAA	1	1	0	0
ACGCCATCAACGAATTCAAGCGCTTCTACCG	1	1	0	0
GCAACCACCTGCTGAAGAAGAACCCGAACGC	1	1	0	0
GGGCCAACTGGTTGGACTTGCCCTCGACAAA	1	1	0	0
AGCAGGTGATCCTCACCAGCGACCGCTATCC	1	1	0	0
CCGAGGTATTTCTCGTTCACCCAATCGAGGA	1	1	0	0
GATTCTAGTGAAATCGAACAAATAGAAGAGA	0	0	1	1
TCCGCCACCTGCCAGGCGGCGGCGCGGGCCA	1	1	0	0
ATAGAAGAGACCGGCGATTCTAGTGAAATCG	0	0	1	1
CAGGTAGACCACCTTGGCGTTCGGGTTCTTC	1	1	0	0
CAACATCCAGCGCACCGTCGCCGAGTACTAC	1	1	0	0
AACAGCGGGTTGTAGCCGTGCTTGAGGTTGT	1	1	0	0
CTTGTCCTGAAGGGCCAACAGGTCCTTCAGC	1	1	0	0
CAGCTCTTCACGTGGCACTACCACGGGCGCG	1	1	0	0
AGAAAAATGACTTCCTTGTATCTATACGTCA	0	1	0	0
ACCCGGGTTTCCAGTTCCGGCGGCTCGACGG	1	1	0	0
CCGCTTCGGCTGGGGCCTGACGGTGGCCGTC	1	1	0	0
CTGGAAGGTGCGCTGAAGCGGGTGATAGCCC	1	1	0	0
CAGGTCAATTTCCAACCAGCGATGATAGATA	1	0	0	0
AGGAGCGCTCCCAGGAGGAGTTCTTCCACAC	1	1	0	0
CGACGACATCCAGTTCTTCGCCCGTAAGGAG	1	1	0	0
CGACCGTCCGTCGGCCTGCCTGCTTTTATTA	1	1	0	0
AACAGGTCCTTCAGCGACTCGCGAATCAGCT	1	1	0	0
GCCCGCGCCAGGTGGCCATGGCGCTCTCCAA	1	0	0	0
AGAAAAATGACTTCCTTGTATCTATCATCGC	1	0	0	0
CACGTGGGTCTGCGATGGGACGATGGCGGCG	1	1	0	0
GCGCGCGGCGTACGGCTACGCTTGCTGCCTA	1	1	0	0
CGGTGCGCTGGATGTTGTCGATGCTGACCAG	1	1	0	0
CGGCGCTTTTCTGTGCATAACTCGATGAAGC	1	1	0	0
CCAACCAGCGATGACGTATAGATACAAGGAA	0	1	0	0
GGCGACGAATTGCGTGTGTATGCACCCAACC	1	1	0	0
CCTAAGTTGAGCGATCTTACGACAGGCGTGC	1	0	0	0
CCCCAAGCAAATCAAGACCTTAATAAAAGCA	1	1	0	0
AGTGCGAGTGGGCTATCACCCGCTTCAGCGC	1	1	0	0
AGGGCCAACAGGTCCTTCAGCGACTCGCGAA	1	1	0	0
ACTACCACGGGCGCGGCCGATACCGGCTGCA	1	1	0	0
AGCAATTGCGTGTTTCTCCGGCAGGCAAAAG	1	1	0	0
CTCCTGGGAGCGCTCCTTACGGGCGAAGAAC	1	1	0	0
ATTGCGTGTGTATGCACCCAACCGTTTCGTC	1	1	0	0
CGAGGGTCAGTTGCCCGCGCTTTCCTTATTA	1	1	0	0
AGTTGCCCGCGCTTTCCTTATTAATAGGCAG	1	1	0	0
ATGCTCTTGGGACGGCGCTTTTCTGTGCATA	1	1	0	0
CCAGGCGGCGGCGCGGGCCAACTGGTTGGAC	1	1	0	0
ATGCTGGGTTCTTCCGGCTCATAGGGATCGC	1	1	0	0
GCCAGTGACGACGGCTCCCAGCGTGTCGAGC	1	1	0	0
CGCGCTCGGTGGCGCGCCCGCGCCAGGTGGC	1	0	0	0
AGCGCATCCGTTCCAACGTGCGCGAACTGGA	1	1	0	0
GCCCCAAGCAAATCAAGACCTTAATAAAAGC	1	1	0	0
GTTTCGTCCTCGATTGGGTGAACGAGAAATA	1	1	0	0
CAACGAATTCAAGCGCTTCTACCGCTCGGTG	1	1	0	0
CGTACGCCGCGCGCCGCCATCGTCCCATCGC	1	1	0	0
AGCGCAACGTCCAGGTCGAAGGTGCGCTGAA	1	1	0	0
CGGCTACGCTTGCTGCCTATTAATAAGGAAA	1	1	0	0
AGGCCTTCGATTTCCTTCGGATAGCGGTCGC	1	1	0	0
AAGGTACGGTTGAGATAGCTGGTGTGCTTCA	1	1	0	0
ATATCCGATCTGTTGTCCAAGCGGCGTTCGC	1	0	0	0
AAGGATAGAAACGGTTAATGCTCTTGGGACG	1	1	0	0
ATCCACAAAGTCCAGGACGACCGTCCGTCGG	1	1	0	0
CACGCAATTGCTGGGCTTCATCGAGTTATGC	1	1	0	0
AGAGACCGGCGATTCTAGTGAAATCGAACGG	1	1	1	1
AAGAGCATTAACCGTTTCTATCCTTTAAATA	1	0	0	0
AAGGTGAAGGTACGGTTGAGATAGCTGGTGT	1	1	0	0
GATACAAGGAAGTCATTTTTCTTATATATTA	1	0	0	0
GCGATTCTAGTGAAATCGAACAAATAGAAGA	0	0	1	1
TACAAGGAAGTCATTTTTCTTATATATTATA	1	0	0	0
GATGCTGACCAGCTTGTCCTGAAGGGCCAAC	1	1	0	0
AGCGACCGCTATCCGAAGGAAATCGAAGGCC	1	1	0	0
ATCCCTGCGCACAGCCGTGTGGAAAAAACCG	1	1	0	0
ATCGAGGACGAAACGGTTGGGTGCATACACA	1	1	0	0
AAGGTCTTGATTTGCTTGGGGCCTCAGCGCA	1	1	0	0
CGCACTGCTGCCAAAGTTCCACGGACACGGA	1	1	0	0
CGGCGATTCTAGTGAAATCGAACGAAAAAGA	0	0	1	1
CGTGCTTGAGGTTGTCCGCCACCTGCCAGGC	1	1	0	0
GCTCTTGGGACGGCGCTTTTCTGTGCATAAC	1	1	0	0
GAGTTATGCACAGAAAAGCGCCGTCCCAAGA	1	1	0	0
GCGCTCGGTGGCGCGCCCGCGCCAGGTGGCC	1	0	0	0
CTGGGCTTCATCGAGTTATGCACAGAAAAGC	1	1	0	0
CGGCCAGCAGGTGATCCTCACCAGCGACCGC	1	1	0	0
CGAAGAACTGGATGTCGTCGATCAACAGTGC	1	1	0	0
AAATGACTTCCTTGTATCTATCATCGCTGGT	1	0	0	0
GTGTGTATGCACCCAACCGTTTCGTCCTCGA	1	1	0	0
GAAGGCCTTGCAGCTCAACGCCATCAACGAA	1	1	0	0
AGCCCACTCGCACTTCATGGGCCGGCCGATC	1	1	0	0
ACCTGTTGGCCCTTCAGGACAAGCTGGTCAG	1	1	0	0
ACGCGGCGAGGGTCAGTTGCCCGCGCTTTCC	1	1	0	0
AGATTGGAAAGGCGGCACAACGAAATAAGCG	1	1	0	0
CAAGACCCACCTGATGCATGCGGTGGGCAAC	1	1	0	0
CGCCTGTCGTAAGATCGCTCAACTTAGGGAA	1	0	0	0
GGGGGATATCCGTGTCCGTGGAACTTTGGCA	1	1	0	0
ACAGCGGGTTGTAGCCGTGCTTGAGGTTGTC	1	1	0	0
ACCGGCGATTCTAGTGAAATCGAACAAATAG	0	0	1	1
AATTCAAGCGCTTCTACCGCTCGGTGGACGC	1	1	0	0
ATGACTTCCTTGTATCTATCATCGCTGGTTG	1	0	0	0
ATCGCTGGTTGGAAATTGACCTGCCCGTTCG	1	1	0	0
GGGCCTGACGGTGGCCGTCGAGCCGCCGGAA	1	1	0	0
CGCCGCTTGGACAACAGATCGGATATCTTGA	1	1	0	0
ATTCTAGTGAAATCGAACAAATAGAAGAGAC	0	0	1	1
AAAACCGCTGTGGATAACCATCTCGTTCATC	1	1	0	0
ACACGCTGGGAGCCGTCGTCACTGGCGGCAG	1	1	0	0
ACCGCAGGCGCTGCTCCGGCCGGCATGGCGG	1	1	0	0
ACATGCCGATGCGCTGAGGCCCCAAGCAAAT	1	1	0	0
CGCGAATCAGCTCGATGGTGATCGGCCGGCC	1	1	0	0
AGGCGGCACAACGAAATAAGCGCCTATTGTA	1	1	0	0
CCATGGCCACCTGGCGCGGGCGCGCCACCGA	1	0	0	0
CTCGGTCGGCTTCTGGAACTGCTCGGTGAAC	1	1	0	0
AACCAGCGATGACGTAATAGATAGATACAAG	1	0	0	0
ACCAACCACAGCCTGCCGGAGATCGGCGTGG	1	0	0	0
AGGTCCTTCAGCGACTCGCGAATCAGCTCGA	1	1	0	0
CGTCCAGGTCGAAGGTGCGCTGAAGCACACC	1	1	0	0
CAGCGTGTCGAGCGATCCCTATGAGCCGGAA	1	1	0	0
GCCCTCGACAAAGTTCTCGAAGGTGAAGGTA	1	1	0	0
ACCTGATGCATGCGGTGGGCAACCACCTGCT	1	1	0	0
AAGTCCAACCAGTTGGCCCGCGCCGCCGCCT	1	1	0	0
GAGGACGAAACGGTTGGGTGCATACACACGC	1	1	0	0
CGCGCCCGCGCCAGGTGGCCATGGCGCTCTC	1	0	0	0
CTGGTGTGCTTCAGCGCACCTTCGACCTGGA	1	1	0	0
CGGGTTCTTCTTCAGCAGGTGGTTGCCCACC	1	1	0	0
CGCGAACGCCGCTTGGACAACAGATCGGATA	1	0	0	0
CCGACCGAGGTATTTCTCGTTCACCCAATCG	1	1	0	0
CGAGACGAGGCTGTTTCCTTCCTGAGCGAAG	1	0	0	0
CACGTGGCTCCCCCGCCTCCGGTTGCTCCGC	1	1	0	0
CTACCTGCATTCGGAACGTTTCGTCGCGGAC	1	1	0	0
GAGCGAAGCCTGGGGATGAACGAGATGGTTA	1	1	0	0
ATAGCGGTCGCTGGTGAGGATCACCTGCTGG	1	1	0	0
GCGATTCTAGTGAAATCGAACGAAAAAGAGA	0	0	1	1
CGGCACAACGAAATAAGCGCCTATTGTAGCC	1	1	0	0
GATTGGAAAGGCGGCACAACGAAATAAGCGC	1	1	0	0
CAGTTCCAGAAGCCGACCGAGGTATTTCTCG	1	1	0	0
TCCTCCTGGGAGCGCTCCTTACGGGCGAAGA	1	1	0	0
GAGCGATCCCTATGAGCCGGAAGAACCCAGC	1	1	0	0
AACCGTTTCTATCCTTTAAAAGAAAAATGAC	1	1	0	0
ACTTCCTTGTATCTATCTATTACGTCATCGC	1	0	0	0
GAATTCGTTGATGGCGTTGAGCTGCAAGGCC	1	1	0	0
GATGGGACGATGGCGGCGCGCGGCGTACGGC	1	1	0	0
AATCGAAAAATTAAAGAGACCGGCGATTCTA	0	0	1	1
GCGCTTTTCTGTGCATAACTCGATGAAGCCC	1	1	0	0
GCCCACTCGCACTTCATGGGCCGGCCGATCA	1	1	0	0
CCGTGGTAGTGCCACGTGAAGAGCTGCCGCC	1	1	0	0
ACCGGAGGCGGGGGAGCCACGTGGGTCTGCG	1	1	0	0
CTAGAATCGCCGGTCTCTTCTATTTGTTCGA	0	0	1	1
CCGCCGAAGGCCACGCCGATCTCCGGCAGGC	1	0	0	0
GGAAACAGCCTCGTCTCGACAACCTTCATCA	1	0	0	0
AAGGGCCAACAGGTCCTTCAGCGACTCGCGA	1	1	0	0
ACCTTCGACCTGGACGTTGCGCTCGGTGCGC	1	1	0	0
CACCAGCTATCTCAACCGTACCTTCACCTTC	1	1	0	0
CCCGCGCCGCCGCCTGGCAGGTGGCGGACAA	1	1	0	0
GGCAGGTGGCGGACAACCTCAAGCACGGCTA	1	1	0	0
ATCTTCGCCTGCTCAGCCTTCTTCATCAGGA	1	1	0	0
TAGTGAAATCGAACGGGCAGGTCAATTTCCA	1	1	0	0
CGATTTCACTAGAATCGCCGGTCTCTTTGTA	0	0	1	1
AAATTGACCTGCCCGTTCGATTTCACTAGAA	1	1	0	0
AATTGTTGGGACGGCAGCTCATCGCGGAGAA	1	0	0	0
GTGAAATCGAACAAATAGAAGAGACCGGCGA	0	0	1	1
GATTGGGTGAACGAGAAATACCTCGGTCGGC	1	1	0	0
TAATGCTCTTGGGACGGCGCTTTTCTGTGCA	1	1	0	0
AAGGAGCTGACCAACCACAGCCTGCCGGAGA	1	0	0	0
CAAGAGCATTAACCGTTTCTATCCTTTAAAA	1	1	0	0
ATCCGATCTGTTGTCCAAGCGGCGTTCGCGC	1	0	0	0
AGTGAAATCGAACAAATAGAAGAGACCGGCG	0	0	1	1
CTCGATGGTGATCGGCCGGCCCATGAAGTGC	1	1	0	0
AGAAATACCTCGGTCGGCTTCTGGAACTGCT	1	1	0	0
CGTGGTAGTGCCACGTGAAGAGCTGCCGCCA	1	1	0	0
ACGCAATTCGTCGCCTTCGGCTTCGACCTGC	1	1	0	0
CGTCCACCGAGCGGTAGAAGCGCTTGAATTC	1	1	0	0
CCAACCACAGCCTGCCGGAGATCGGCGTGGC	1	0	0	0
ACACGCAATTCGTCGCCTTCGGCTTCGACCT	1	1	0	0
CGGTTGAGATAGCTGGTGTGCTTCAGCGCAC	1	1	0	0
CAAGCAAATCAAGACCTTAATAAAAGCAGGC	1	1	0	0
GGCTGAAATCCCGCTTCGGCTGGGGCCTGAC	1	1	0	0
CGCATGCATCAGGTGGGTCTTGCCCAGACCG	1	1	0	0
CAGGAAGGAAACAGCCTCGACACCGGTTCTC	1	1	0	0
ACTCGCGAATCAGCTCGATGGTGATCGGCCG	1	1	0	0
ACCGTTTCGTCCTCGATTGGGTGAACGAGAA	1	1	0	0
GCGGCGGAGCAACCGGAGGCGGGGGAGCCAC	1	1	0	0
GACACGGATATCCCCCAAAGATTGGAAAGGC	1	1	0	0
AGGAAAGCGCGGGCAACTGACCCTCGCCGCG	1	1	0	0
GATCGCTCGACACGCTGGGAGCCGTCGTCAC	1	1	0	0
CGCAGGCGCTGCTCCGGCCGGCATGGCGGCG	1	1	0	0
CACCGTCAGGCCCCAGCCGAAGCGGGATTTC	1	1	0	0
CTGACCCTCGCCGCGTTCACCGAGCAGTTCC	1	1	0	0
ATTCTAGTGAAATCGAAAAATACAAAGAGAC	0	0	1	1
CCTGTCGTAAGATCGCTCAACTTAGGGAATC	1	0	0	0
ACGAGATGGTTATCCACAGCGGTTTTTTCCA	1	1	0	0
CCCCCGCCTCCGGTTGCTCCGCCGCCGGCGC	1	1	0	0
GGACGACCGTCCGTCGGCCTGCCTGCTTTTA	1	1	0	0
CAGCAAGCGTAGCCGTACGCCGCGCGCCGCC	1	1	0	0
CGGTCTCTTTGTATTTTTCGATTTCACTAGA	0	0	1	1
ATTCTAGTGAAATCGAACGAAAAAGAGAGAC	0	0	1	1
AACCGTTTCTATCCTTTAAATATATATAATA	1	0	0	0
GCATCGACAACATCCAGCGCACCGTCGCCGA	1	1	0	0
CACCGCATGCATCAGGTGGGTCTTGCCCAGA	1	1	0	0
GAACTGGATGTCGTCGATCAACAGTGCGTCC	1	1	0	0
GCCGCCGGCGCCAGTGCAGCCGGTATCGGCC	1	1	0	0
AGGCCTTCACCATGTCCGCGACGAAACGTTC	1	1	0	0
ACGCTGGGAGCCGTCGTCACTGGCGGCAGCT	1	1	0	0
TCGCCGAGTACTACAAGATCAAGATATCCGA	1	1	0	0
GCGATGAGCTGCCGTCCCAACAATTCAACAC	1	0	0	0
GAAAAAACCGCTGTGGATAACCATCTCGTTC	1	1	0	0
AGCCCAGCAATTGCGTGTTTCTCCGGCAGGC	1	1	0	0
CCGGCCGATCACCATCGAGCTGATTCGCGAG	1	1	0	0
GGATAACCCTTGCTTTGAAGGGGGTACATCC	1	1	0	0
AAAGAAAAATGACTTCCTTGTATCTATCTAT	1	0	0	0
AGGTCAATTTCCAACCAGCGATGATAGATAC	1	0	0	0
TCCACATGCCGATGCGCTGAGGCCCCAAGCA	1	1	0	0
AGCGTGTCGAGCGATCCCTATGAGCCGGAAG	1	1	0	0
GCCAAAGTTCCACGGACACGGATATCCCCCA	1	1	0	0
CGATGCTGACCAGCTTGTCCTGAAGGGCCAA	1	1	0	0
CTTCAGGACAAGCTGGTCAGCATCGACAACA	1	1	0	0
AGGTGTGGAAGAACTCCTCCTGGGAGCGCTC	1	1	0	0
CAACGAAATAAGCGCCTATTGTAGCCGGACG	1	1	0	0
AGGCAATGATGATGAAGGTTGTCGAGACGAG	1	0	0	0
CGCCGGCGCCAGTGCAGCCGGTATCGGCCGC	1	1	0	0
AAGATCAAGATATCCGATCTGTTGTCCAAGC	1	1	0	0
AACACGCAATTGCTGGGCTTCATCGAGTTAT	1	1	0	0
ATCCTCACCAGCGACCGCTATCCGAAGGAAA	1	1	0	0
AGACCGGCGATTCTAGTGAAATCGAACGGGC	1	1	0	0
CTCTTTAATTTTTCGATTTCACTAGAATCGC	0	0	1	1
ATCGCCGGTCTCTTTAATTTTTCGATTTCAC	0	0	1	1
CAGTTCGCGCACGTTGGAACGGATGCGCTGG	1	1	0	0
CCGATGCGCTGAGGCCCCAAGCAAATCAAGA	1	1	0	0
AGGTGCGCTGAAGCGGGTGATAGCCCACTCG	1	1	0	0
AAGATCGCTCAACTTAGGGAATCCGACGCGG	1	0	0	0
CCTTCAATGCCCTTCTCGAAGGCGGCCAGCA	1	1	0	0
GCATTAACCGTTTCTATCCTTTAAAAGAAAA	1	1	0	0
AGGCGCTGCTCCGGCCGGCATGGCGGCGGCC	1	1	0	0
ATTCGCGAGTCGCTGAAGGACCTGTTGGCCC	1	1	0	0
CGCTGGTGAGGATCACCTGCTGGCCGCCTTC	1	1	0	0
GCCGGCCGGAGCAGCGCCTGCGGTGCGCACC	1	1	0	0
CCATCAACGAATTCAAGCGCTTCTACCGCTC	1	1	0	0
TGATCGACGACATCCAGTTCTTCGCCCGTAA	1	1	0	0
GCGGACAACCTCAAGCACGGCTACAACCCGC	1	1	0	0
GCCCAGCAATTGCGTGTTTCTCCGGCAGGCA	1	1	0	0
AAAATACAAAGAGACCGGCGATTCTAGTGAA	0	0	1	1
CGTAAGGAGCGCTCCCAGGAGGAGTTCTTCC	1	1	0	0
TGAGGCCCCAAGCAAATCAAGACCTTAATAA	1	1	0	0
CAAAGTTCCACGGACACGGATATCCCCCAAA	1	1	0	0
CCAACGTGCGCGAACTGGAAGGTGCGCTGAA	1	1	0	0
CTTGCCCAGACCGACGCCACCGTAGAGGAAC	1	1	0	0
CTATTGTAGCCGGACGGGCCGGACTTATCCA	1	1	0	0
GGAACGTTTCGTCGCGGACATGGTGAAGGCC	1	1	0	0
ACACGGATATCCCCCAAAGATTGGAAAGGCG	1	1	0	0
ATTAAGGTCTTGATTTGCTTGGGGCCTCAGC	1	1	0	0
GCGATTCTAGTGAAATCGAAAAATACAAAGA	0	0	1	1
TACGGCTACGCTTGCTGCCTATTAATAAGGA	1	1	0	0
GGTGGCGTCGGTCTGGGCAAGACCCACCTGA	1	1	0	0
ATTAAAGAGACCGGCGATTCTAGTGAAATCG	0	0	1	1
AATAATAAAGAGACCGGCGATTCTAGTGAAA	0	0	1	1
ATAGATACAAGGAAGTCATTTTTCTTTTAAA	1	1	0	0
CGAAGGTGCGCTGAAGCACACCAGCTATCTC	1	1	0	0
TAGCCGTACGCCGCGCGCCGCCATCGTCCCA	1	1	0	0
CGGCAGCTCTTCACGTGGCACTACCACGGGC	1	1	0	0
AAGCCTGGGGATGAACGAGATGGTTATCCAC	1	1	0	0
ACGTGGGTCTGCGATGGGACGATGGCGGCGC	1	1	0	0
ATATCCGCGTCGGATTCCCTAAGTTGAGCGA	1	0	0	0
CTTTGTATTTTTCGATTTCACTAGAATCGCC	0	0	1	1
GTGTGATCCCGACCGCCGAAGGCCACGCCGA	1	0	0	0
AAAGAGAGACCGGCGATTCTAGTGAAATCGA	0	0	1	1
CGGGCGCGGCCGATACCGGCTGCACTGGCGC	1	1	0	0
ATGCCGATGCGCTGAGGCCCCAAGCAAATCA	1	1	0	0
TAGGCGCTTATTTCGTTGTGCCGCCTTTCCA	1	1	0	0
CGGCTGAAATCCCGCTTCGGCTGGGGCCTGA	1	1	0	0
CGGGTGGCGATCCTGATGAAGAAGGCTGAGC	1	1	0	0
CAGCGACTCGCGAATCAGCTCGATGGTGATC	1	1	0	0
AGAAACGGTTAATGCTCTTGGTGCATAACTC	1	0	0	0
CTGCCGCACGATGCGGCCTTCTTCATCGCCC	1	1	0	0
CCGCAGGCGCTGCTCCGGCCGGCATGGCGGC	1	1	0	0
ATATAAGAAAAATGACTTCCTTGTATCTATC	1	0	0	0
AGCGGTAGAAGCGCTTGAATTCGTTGATGGC	1	1	0	0
GAAAAATTAAAGAGACCGGCGATTCTAGTGA	0	0	1	1
AGCTTGTCCTGAAGGGCCAACAGGTCCTTCA	1	1	0	0
CGCCGGCGGCGGAGCAACCGGAGGCGGGGGA	1	1	0	0
AGAGCATTAACCGTTTCTATCCTTTAAAAGA	1	1	0	0
CGATGAGCTGCCGTCCCAACAATTCAACACC	1	0	0	0
CAACCACCTGCTGAAGAAGAACCCGAACGCC	1	1	0	0
ACCCAACCGTTTCGTCCTCGATTGGGTGAAC	1	1	0	0
GCAGCTCAACGCCATCAACGAATTCAAGCGC	1	1	0	0
AGGTCAATTTCCAACCAGCGATGACGTAATA	1	0	0	0
ATTTTTCGATTTCACTAGAATCGCCGGTCTC	0	0	1	1
ATCACCCGCTTCAGCGCACCTTCCAGTTCGC	1	1	0	0
AGGACGAAACGGTTGGGTGCATACACACGCA	1	1	0	0
GCCGGAGCAGCGCCTGCGGTGCGCACCGAGC	1	1	0	0
TCACCATCGAGCTGATTCGCGAGTCGCTGAA	1	1	0	0
GATAGATACAAGGAAGTCATTTTTCTTTTAA	1	0	0	0
CCGGCAGGCAATGATGATGAAGGTTGTCGAG	1	0	0	0
ACCGTCAGGCCCCAGCCGAAGCGGGATTTCA	1	1	0	0
AGCATTAACCGTTTCTATCCTTTAAAAGAAA	1	1	0	0
CCTTCGAGAAGGGCATTGAAGGTGTGGAAGA	1	1	0	0
AAACGTTCCGAATGCAGGTAGACCACCTTGG	1	1	0	0
ACGGGCGCGGCCGATACCGGCTGCACTGGCG	1	1	0	0
CCAGGTGTTGAATTGTTGGGACGGCAGCTCA	1	1	0	0
CGGTGGACGCACTGTTGATCGACGACATCCA	1	1	0	0
CAGCTCCTTGGAGAGCGCCATGGCCACCTGG	1	0	0	0
AGCGACTCGCGAATCAGCTCGATGGTGATCG	1	1	0	0
ACACGCAATTGCTGGGCTTCATCGAGTTATG	1	1	0	0
AGCGAAGCCTGGGGATGAACGAGATGGTTAT	1	1	0	0
GACCACCTTGGCGTTCGGGTTCTTCTTCAGC	1	1	0	0
CTGAGCAGGCGAAGATCGAGCTGCCGCACGA	1	1	0	0
AACGAAAAAGAGAGACCGGCGATTCTAGTGA	0	0	1	1
CGAAGCGGGATTTCAGCCGCTCTTCCAGGCC	1	1	0	0
TCCTTCGGATAGCGGTCGCTGGTGAGGATCA	1	1	0	0
CACGCTGGGAGCCGTCGTCACTGGCGGCAGC	1	1	0	0
CTGGCCGCCGCCATGCCGGCCGGAGCAGCGC	1	1	0	0
GGGTTTCCAGTTCCGGCGGCTCGACGGCCAC	1	1	0	0
CAGCTATCTCAACCGTACCTTCACCTTCGAG	1	1	0	0
AGGTTGTCGAGACGAGGCTGTTTCCTTCCTG	1	0	0	0
AGACCGGCGATTCTAGTGAAATCGAACGAAA	0	0	1	1
ACGCTTGCTGCCTATTAATAAGGAAAGCGCG	1	1	0	0
ATCCGCGTCGGATTCCCTAAGTTGAGCGATC	1	0	0	0
GGGGTACATCCCTGCGCACAGCCGTGTGGAA	1	1	0	0
AAATATATATAATATATAAGAAAAATGACTT	1	0	0	0
CGGCCCATGAAGTGCGAGTGGGCTATCACCC	1	1	0	0
CAGCGCATCGGCATGTGGATAAGTCCGGCCC	1	1	0	0
ACAAGATCAAGATATCCGATCTGTTGTCCAA	1	1	0	0
CACGGGCGCGGCCGATACCGGCTGCACTGGC	1	1	0	0
CAATTCAACACCTGGATCCGTCCCTTGCAGG	1	1	0	0
TCATTTTTCTTATATATTATATATATTTAAA	1	0	0	0
AAGGCTGAGCAGGCGAAGATCGAGCTGCCGC	1	1	0	0
CTCGACGGCCACCGTCAGGCCCCAGCCGAAG	1	1	0	0
CGCGTCGGATTCCCTAAGTTGAGCGATCTTA	1	0	0	0
ACGAAAAAGAGAGACCGGCGATTCTAGTGAA	0	0	1	1
CGTTCCAACGTGCGCGAACTGGAAGGTGCGC	1	1	0	0
CCTGGAAGAGCGGCTGAAATCCCGCTTCGGC	1	1	0	0
CAGCGATGACGTAATAGATAGATACAAGGAA	1	0	0	0
ACCATGTCCGCGACGAAACGTTCCGAATGCA	1	1	0	0
AATCGAGGACGAAACGGTTGGGTGCATACAC	1	1	0	0
AGAGCGGCTGAAATCCCGCTTCGGCTGGGGC	1	1	0	0
AACCGGTGTCGAGGCTGTTTCCTTCCTGAGC	1	1	0	0
ACGGGCAGGTCAATTTCCAACCAGCGATGAC	1	1	0	0
CTCTACGGTGGCGTCGGTCTGGGCAAGACCC	1	1	0	0
CCTGCTGGCCGCCTTCGAGAAGGGCATTGAA	1	1	0	0
CATCGCAGACCCACGTGGCTCCCCCGCCTCC	1	1	0	0
GAACCCAGCATCGATCCGCTGGCCGCCGCCA	1	1	0	0
CCAAAGTTCCACGGACACGGATATCCCCCAA	1	1	0	0
CCAAGAGCATTAACCGTTTCTATCCTTTAAA	1	1	0	0
ATAATAAAGAGACCGGCGATTCTAGTGAAAT	0	0	1	1
ACCACGGTGTTGCACGCCTGTCGTAAGATCG	1	0	0	0
GCGAATCAGCTCGATGGTGATCGGCCGGCCC	1	1	0	0
CGGCTCATAGGGATCGCTCGACACGCTGGGA	1	1	0	0
CCGCACGATGCGGCCTTCTTCATCGCCCAGC	1	1	0	0
AGCGGCGTTCGCGCTCGGTGGCGCGCCCGCG	1	0	0	0
AGGGGGTACATCCCTGCGCACAGCCGTGTGG	1	1	0	0
ATATATATAATATATAAGAAAAATGACTTCC	1	0	0	0
AGCTCCTTGGAGAGCGCCATGGCCACCTGGC	1	0	0	0
AAAAATACAAAGAGACCGGCGATTCTAGTGA	0	0	1	1
AAGTTGAGCGATCTTACGACAGGCGTGCAAC	1	0	0	0
GACTTGCCCTCGACAAAGTTCTCGAAGGTGA	1	1	0	0
ATATCCCCCAAAGATTGGAAAGGCGGCACAA	1	1	0	0
AAAGCAGGCAGGCCGACGGACGGTCGTCCTG	1	1	0	0
ACCTTCCAGTTCGCGCACGTTGGAACGGATG	1	1	0	0
TCTACGGTGGCGTCGGTCTGGGCAAGACCCA	1	1	0	0
CAGCAGGTGATCCTCACCAGCGACCGCTATC	1	1	0	0
GCAGGCAGGCCGACGGACGGTCGTCCTGGAC	1	1	0	0
ACGGCGCTTTTCTGTGCATAACTCGATGAAG	1	1	0	0
GGTCTCTTTATTATTTTCGATTTCACTAGAA	0	0	1	1
ATCTCGTTCATCCCCAGGCTTCGCTCAGGAA	1	1	0	0
TACCCCCTTCAAAGCAAGGGTTATCCACAAA	1	1	0	0
GAAATAAGCGCCTATTGTAGCCGGACGGGCC	1	1	0	0
AAGGGACGGATCCAGGTGTTGAATTGTTGGG	1	1	0	0
CGATTTCACTAGAATCGCCGGTCTCCACACA	1	0	0	0
AGCCGTGTGGAAAAAACCGCTGTGGATAACC	1	1	0	0
AAGGTGTGGAAGAACTCCTCCTGGGAGCGCT	1	1	0	0
AACGGTTAATGCTCTTGGGACGGCGCTTTTC	1	1	0	0
ACAGAAAAGCGCCGTCCCAAGAGCATTAACC	1	1	0	0
ACTCGGCGACGGTGCGCTGGATGTTGTCGAT	1	1	0	0
ATTGCTGGGCTTCATCGAGTTATGCACCAAG	1	0	0	0
CCACACCTTCAATGCCCTTCTCGAAGGCGGC	1	1	0	0
ACCTTAATAAAAGCAGGCAGGCCGACGGACG	1	1	0	0
CGCTCGGTGGACGCACTGTTGATCGACGACA	1	1	0	0
AAATAATAAAGAGACCGGCGATTCTAGTGAA	0	0	1	1
CTCAGGAAGGAAACAGCCTCGACACCGGTTC	1	1	0	0
GTCCAGGTCGAAGGTGCGCTGAAGCACACCA	1	1	0	0
CTTTCCTTATTAATAGGCAGCAAGCGTAGCC	1	1	0	0
ATTCTAGTGAAATCGAAAATAATAAAGAGAC	0	0	1	1
CCTTCGGATAGCGGTCGCTGGTGAGGATCAC	1	1	0	0
GGTGAAGGCCTTGCAGCTCAACGCCATCAAC	1	1	0	0
ACCCACCTGATGCATGCGGTGGGCAACCACC	1	1	0	0
AAAATTAAAGAGACCGGCGATTCTAGTGAAA	0	0	1	1
AACGGGCAGGTCAATTTCCAACCAGCGATGA	1	1	0	0
CATCGAGTTATGCACAGAAAAGCGCCGTCCC	1	1	0	0
CAACAGATCGGATATCTTGATCTTGTAGTAC	1	1	0	0
CTTCGGATAGCGGTCGCTGGTGAGGATCACC	1	1	0	0
CGTCGCCGAGTACTACAAGATCAAGATATCC	1	1	0	0
AAGGAAGTCATTTTTCTTATATATTATATAT	1	0	0	0
GACCGGCGATTCTAGTGAAATCGAACGAAAA	0	0	1	1
TCCTTTAAATATATATAATATATAAGAAAAA	1	0	0	0
CTGTTGGCCCTTCAGGACAAGCTGGTCAGCA	1	1	0	0
ACCGGCGATTCTAGTGAAATCGAAAAATTAA	0	0	1	1
ACAGGTCCTTCAGCGACTCGCGAATCAGCTC	1	1	0	0
CGCTGAAGGACCTGTTGGCCCTTCAGGACAA	1	1	0	0
CATCGAGCTGATTCGCGAGTCGCTGAAGGAC	1	1	0	0
AGTTGGCCCGCGCCGCCGCCTGGCAGGTGGC	1	1	0	0
AATGACTTCCTTGTATCTATCTATTACGTCA	1	0	0	0
CCGGCCGGCATGGCGGCGGCCAGCGGATCGA	1	1	0	0
AACAGTGCGTCCACCGAGCGGTAGAAGCGCT	1	1	0	0
CTTCTATTTGTTCGATTTCACTAGAATCGCC	0	0	1	1
TCCTTACGGGCGAAGAACTGGATGTCGTCGA	1	1	0	0
CCCCGCCTCCGGTTGCTCCGCCGCCGGCGCC	1	1	0	0
CAGAAGCCGACCGAGGTATTTCTCGTTCACC	1	1	0	0
CCACCTGGCGCGGGCGCGCCACCGAGCGCGA	1	0	0	0
ACCCGCTGTTCCTCTACGGTGGCGTCGGTCT	1	1	0	0
CGACACCGGTTCTCGACAACCTTTTGCCTGC	1	1	0	0
ATCGCCGGTCTCTCTTTTTCGTTCGATTTCA	0	0	1	1
CTAGAATCGCCGGTCTCCACACACAATTTAA	1	0	0	0
CGTTCACCGAGCAGTTCCAGAAGCCGACCGA	1	1	0	0
GTTCTTCCACACCTTCAATGCCCTTCTCGAA	1	1	0	0
ACGTTTCGTCGCGGACATGGTGAAGGCCTTG	1	1	0	0
TTGTGTGTGGAGACCGGCGATTCTAGTGAAA	1	0	0	0
CGCACTGTTGATCGACGACATCCAGTTCTTC	1	1	0	0
AAGGCCACGCCGATCTCCGGCAGGCTGTGGT	1	0	0	0
CAAATCAAGACCTTAATAAAAGCAGGCAGGC	1	1	0	0
ACTTAGGGAATCCGACGCGGATATCCGCGAG	1	0	0	0
GGTTGGACTTGCCCTCGACAAAGTTCTCGAA	1	1	0	0
AGAAGCGCTTGAATTCGTTGATGGCGTTGAG	1	1	0	0
CAGGTGGGTCTTGCCCAGACCGACGCCACCG	1	1	0	0
AGCAATTGCGTGTTTCTCCGGCAGGCAATGA	1	0	0	0
GACCTGCCCGTTCGATTTCACTAGAATCGCC	1	1	0	0
CCTCCTGGGAGCGCTCCTTACGGGCGAAGAA	1	1	0	0
CCTGCGGTGCGCACCGAGCGCAACGTCCAGG	1	1	0	0
CGGTGTCGAGGCTGTTTCCTTCCTGAGCGAA	1	1	0	0
CTCGGTGGACGCACTGTTGATCGACGACATC	1	1	0	0
ACAGATCGGATATCTTGATCTTGTAGTACTC	1	1	0	0
ATACAAAGAGACCGGCGATTCTAGTGAAATC	0	0	1	1
GCAATTCGTCGCCTTCGGCTTCGACCTGCAA	1	1	0	0
CATCAGGTGGGTCTTGCCCAGACCGACGCCA	1	1	0	0
CCGGCGGCGGAGCAACCGGAGGCGGGGGAGC	1	1	0	0
CCGAAGGCGACGAATTGCGTGTGTATGCACC	1	1	0	0
CAGCAGGTGGTTGCCCACCGCATGCATCAGG	1	1	0	0
GGATAGAAACGGTTAATGCTCTTGGTGCATA	1	0	0	0
GAAGGTGTGGAAGAACTCCTCCTGGGAGCGC	1	1	0	0
ATTTCCTTCGGATAGCGGTCGCTGGTGAGGA	1	1	0	0
CGAGAAGGGCATTGAAGGTGTGGAAGAACTC	1	1	0	0
GAGCATTAACCGTTTCTATCCTTTAAAAGAA	1	1	0	0
GACGGCAGCTCATCGCGGAGAAGATCCACGC	1	0	0	0
GGGTACATCCCTGCGCACAGCCGTGTGGAAA	1	1	0	0
ACGACGGCTCCCAGCGTGTCGAGCGATCCCT	1	1	0	0
CGACAACCTTCATCATCATTGCCTGCCGGAG	1	0	0	0
ATCGTGCGGCAGCTCGATCTTCGCCTGCTCA	1	1	0	0
CAGCATCGACAACATCCAGCGCACCGTCGCC	1	1	0	0
AGACCGGCGATTCTAGTGAAATCGAACAAAT	0	0	1	1
ACCAGCGACCGCTATCCGAAGGAAATCGAAG	1	1	0	0
GGCCGCATCGTGCGGCAGCTCGATCTTCGCC	1	1	0	0
GACGAAACGTTCCGAATGCAGGTAGACCACC	1	1	0	0
TACAAGATCAAGATATCCGATCTGTTGTCCA	1	1	0	0
CGCGGAGAAGATCCACGCACTGCTGCCAAAG	1	0	0	0
ACAATTCAACACCTGGATCCGTCCCTTGCAG	1	1	0	0
TGCCGATGCGCTGAGGCCCCAAGCAAATCAA	1	1	0	0
AAAGTTCTCGAAGGTGAAGGTACGGTTGAGA	1	1	0	0
TTAACCGTTTCTATCCTTTAAATATATATAA	1	0	0	0
GACGGCGCTTTTCTGTGCATAACTCGATGAA	1	1	0	0
CTGCAAGGCCTTCACCATGTCCGCGACGAAA	1	1	0	0
CGGCTACAATAGGCGCTTATTTCGTTGTGCC	1	1	0	0
GATTCTAGTGAAATCGAAAAATACAAAGAGA	0	0	1	1
AACGGTTAATGCTCTTGGTGCATAACTCGAT	1	0	0	0
CGCCCAGCGCATCCGTTCCAACGTGCGCGAA	1	1	0	0
AGTCATTTTTCTTATATATTATATATATTTA	1	0	0	0
CCAGCTATCTCAACCGTACCTTCACCTTCGA	1	1	0	0
CCTCGCGGATATCCGCGTCGGATTCCCTAAG	1	0	0	0
GACATGGTGAAGGCCTTGCAGCTCAACGCCA	1	1	0	0
AGGAAATCGAAGGCCTGGAAGAGCGGCTGAA	1	1	0	0
GCGATTCTAGTGAAATCGAAAATAATAAAGA	0	0	1	1
CACGGCTGTGCGCAGGGATGTACCCCCTTCA	1	1	0	0
CCCTTCAAAGCAAGGGTTATCCACAAAGTCC	1	1	0	0
ATTTCCAACCAGCGATGACGTAATAGATAGA	1	0	0	0
CCGCTGTGGATAACCATCTCGTTCATCCCCA	1	1	0	0
GCGCCACCGAGCGCGAACGCCGCTTGGACAA	1	0	0	0
ACCGGCGATTCTAGTGAAATCGAAAAATACA	0	0	1	1
AGGATAGAAACGGTTAATGCTCTTGGGACGG	1	1	0	0
AACACCTGGATCCGTCCCTTGCAGGTCGAAG	1	1	0	0
CGCCGGTCTCTTTAATTTTTCGATTTCACTA	0	0	1	1
AATGATGATGAAGGTTGTCGAGACGAGGCTG	1	0	0	0
ACGGACGGTCGTCCTGGACTTTGTGGATAAC	1	1	0	0
TCCTCGCGGATATCCGCGTCGGATTCCCTAA	1	0	0	0
GCAATTGCTGGGCTTCATCGAGTTATGCACA	1	1	0	0
GCCGCGCCCGTGGTAGTGCCACGTGAAGAGC	1	1	0	0
AATTGCGTGTTTCTCCGGCAGGCAATGATGA	1	0	0	0
CCAATCGAGGACGAAACGGTTGGGTGCATAC	1	1	0	0
CCCAGACCGACGCCACCGTAGAGGAACAGCG	1	1	0	0
AAGCGGCGTTCGCGCTCGGTGGCGCGCCCGC	1	0	0	0
CTTTGTCGAGGGCAAGTCCAACCAGTTGGCC	1	1	0	0
CGCCGCCTGGCAGGTGGCGGACAACCTCAAG	1	1	0	0
AGCGGATCGATGCTGGGTTCTTCCGGCTCAT	1	1	0	0
AAGGTGCGCTGAAGCGGGTGATAGCCCACTC	1	1	0	0
AAGAAAAATGACTTCCTTGTATCTATCATCG	1	0	0	0
CAACCGTACCTTCACCTTCGAGAACTTTGTC	1	1	0	0
GCGATCCTGATGAAGAAGGCTGAGCAGGCGA	1	1	0	0
CCAGCCGAAGCGGGATTTCAGCCGCTCTTCC	1	1	0	0
GGCGGGGGAGCCACGTGGGTCTGCGATGGGA	1	1	0	0
CTCAGGAAGGAAACAGCCTCGTCTCGACAAC	1	0	0	0
CCCGGGTGGCGATCCTGATGAAGAAGGCTGA	1	1	0	0
AGATCGCTCAACTTAGGGAATCCGACGCGGA	1	0	0	0
CCGAAGGAAATCGAAGGCCTGGAAGAGCGGC	1	1	0	0
ATGATGAAGGTTGTCGAGACGAGGCTGTTTC	1	0	0	0
GTACGCCGCGCGCCGCCATCGTCCCATCGCA	1	1	0	0
GAAGCGCTTGAATTCGTTGATGGCGTTGAGC	1	1	0	0
CTGGAACTGCTCGGTGAACGCGGCGAGGGTC	1	1	0	0
CCGATCACCATCGAGCTGATTCGCGAGTCGC	1	1	0	0
AATGCCCTTCTCGAAGGCGGCCAGCAGGTGA	1	1	0	0
CGCTGAAGCACACCAGCTATCTCAACCGTAC	1	1	0	0
GTCGTAAGATCGCTCAACTTAGGGAATCCGA	1	0	0	0
CCTTCGAGAACTTTGTCGAGGGCAAGTCCAA	1	1	0	0
GTGGAGACCGGCGATTCTAGTGAAATCGAAC	1	0	0	0
GATGTTGTCGATGCTGACCAGCTTGTCCTGA	1	1	0	0
GCGCATCCGTTCCAACGTGCGCGAACTGGAA	1	1	0	0
CGCTCAGGAAGGAAACAGCCTCGTCTCGACA	1	0	0	0
GATCGGCGTGGCCTTCGGCGGTCGGGATCAC	1	0	0	0
CCTGCTCAGCCTTCTTCATCAGGATCGCCAC	1	1	0	0
AAATCGAAAAATTAAAGAGACCGGCGATTCT	0	0	1	1
TCAGCTCGATGGTGATCGGCCGGCCCATGAA	1	1	0	0
GTGGATAAGTCCGGCCCGTCCGGCTACAATA	1	1	0	0
GGAGCCGTCGTCACTGGCGGCAGCTCTTCAC	1	1	0	0
CAAGACCTTAATAAAAGCAGGCAGGCCGACG	1	1	0	0
CGGCGCGGGCCAACTGGTTGGACTTGCCCTC	1	1	0	0
CGCTCCCAGGAGGAGTTCTTCCACACCTTCA	1	1	0	0
AACTGGAAACCCGGGTGGCGATCCTGATGAA	1	1	0	0
ACCAAGAGCATTAACCGTTTCTATCCTTTAA	1	0	0	0
GCCTTGCAGCTCAACGCCATCAACGAATTCA	1	1	0	0
GAGGGTCAGTTGCCCGCGCTTTCCTTATTAA	1	1	0	0
ATCACCTGCTGGCCGCCTTCGAGAAGGGCAT	1	1	0	0
AATCGAAGGCCTGGAAGAGCGGCTGAAATCC	1	1	0	0
AGCGATGACGTAATAGATAGATACAAGGAAG	1	0	0	0
AAGATCGAGCTGCCGCACGATGCGGCCTTCT	1	1	0	0
AACCAGCGATGACGTATAGATACAAGGAAGT	0	1	0	0
GACCCACCTGATGCATGCGGTGGGCAACCAC	1	1	0	0
AACGAATTCAAGCGCTTCTACCGCTCGGTGG	1	1	0	0
GACACCGGTTCTCGACAACCTTTTGCCTGCC	1	1	0	0
AGGCGGGGGAGCCACGTGGGTCTGCGATGGG	1	1	0	0
ACCGGCGATTCTAGTGAAATCGAACGGGCAG	1	1	0	0
GCACAGAAAAGCGCCGTCCCAAGAGCATTAA	1	1	0	0
CGTTCGATTTCACTAGAATCGCCGGTCTCTC	0	0	1	1
CCGGCAGGCTGTGGTTGGTCAGCTCCTTGGA	1	0	0	0
CGTGTGGAAAAAACCGCTGTGGATAACCATC	1	1	0	0
CTGTGCGCAGGGATGTACCCCCTTCAAAGCA	1	1	0	0
ATCGCCCAGCGCATCCGTTCCAACGTGCGCG	1	1	0	0
ATCTTCTCCGCGATGAGCTGCCGTCCCAACA	1	0	0	0
AGGCGAAGATCGAGCTGCCGCACGATGCGGC	1	1	0	0
AGCCGCCGGAACTGGAAACCCGGGTGGCGAT	1	1	0	0
ACCCAGCATCGATCCGCTGGCCGCCGCCATG	1	1	0	0
GCACACCAGCTATCTCAACCGTACCTTCACC	1	1	0	0
ATGCTGACCAGCTTGTCCTGAAGGGCCAACA	1	1	0	0
ATGAGCTGCCGTCCCAACAATTCAACACCTG	1	0	0	0
AGCGCCGTCCCAAGAGCATTAACCGTTTCTA	1	1	0	0
ACCGGTGTCGAGGCTGTTTCCTTCCTGAGCG	1	1	0	0
CGTGCGGCAGCTCGATCTTCGCCTGCTCAGC	1	1	0	0
AAAATAATAAAGAGACCGGCGATTCTAGTGA	0	0	1	1
AGAACTGGATGTCGTCGATCAACAGTGCGTC	1	1	0	0
ACAAAGTTCTCGAAGGTGAAGGTACGGTTGA	1	1	0	0
ATCGGCATGTGGATAAGTCCGGCCCGTCCGG	1	1	0	0
AAACCGCTGTGGATAACCATCTCGTTCATCC	1	1	0	0
AACTGGAAGGTGCGCTGAAGCGGGTGATAGC	1	1	0	0
ATCGCCGGTCTCTTCTATTTGTTCGATTTCA	0	0	1	1
CCTTCTTCATCAGGATCGCCACCCGGGTTTC	1	1	0	0
CCGCCTCCGGTTGCTCCGCCGCCGGCGCCAG	1	1	0	0
CGGCGCGCGGCGTACGGCTACGCTTGCTGCC	1	1	0	0
ACCTGGCGCGGGCGCGCCACCGAGCGCGAAC	1	0	0	0
AAAGGATAGAAACGGTTAATGCTCTTGGTGC	1	0	0	0
GCCCTTCAGGACAAGCTGGTCAGCATCGACA	1	1	0	0
CGGTCTCTTTAATTTTTCGATTTCACTAGAA	0	0	1	1
ATCGATGCTGGGTTCTTCCGGCTCATAGGGA	1	1	0	0
CCACGCACTGCTGCCAAAGTTCCACGGACAC	1	0	0	0
ACAAAGAGACCGGCGATTCTAGTGAAATCGA	0	0	1	1
CAAGGTGGTCTACCTGCATTCGGAACGTTTC	1	1	0	0
CGCACGATGCGGCCTTCTTCATCGCCCAGCG	1	1	0	0
CGGACTTATCCACATGCCGATGCGCTGAGGC	1	1	0	0
CCGGCGGCTCGACGGCCACCGTCAGGCCCCA	1	1	0	0
AGCATCGACAACATCCAGCGCACCGTCGCCG	1	1	0	0
AGCGCACCTTCCAGTTCGCGCACGTTGGAAC	1	1	0	0
AGCCGTGCTTGAGGTTGTCCGCCACCTGCCA	1	1	0	0
CGTTCGATTTCACTAGAATCGCCGGTCTCCA	1	0	0	0
CAACACCTGGATCCGTCCCTTGCAGGTCGAA	1	1	0	0
CCGACCGCCGAAGGCCACGCCGATCTCCGGC	1	0	0	0
CGGAAGAACCCAGCATCGATCCGCTGGCCGC	1	1	0	0
AGGAAGTCATTTTTCTTTTAAAGGATAGAAA	1	1	0	0
CGATGCGGCCTTCTTCATCGCCCAGCGCATC	1	1	0	0
CCTTGCAGCTCAACGCCATCAACGAATTCAA	1	1	0	0
ATACACACGCAATTCGTCGCCTTCGGCTTCG	1	1	0	0
ATTACGTCATCGCTGGTTGGAAATTGACCTG	1	0	0	0
ATCGAACAAATAGAAGAGACCGGCGATTCTA	0	0	1	1
AACCAGTTGGCCCGCGCCGCCGCCTGGCAGG	1	1	0	0
AAGTTCTCGAAGGTGAAGGTACGGTTGAGAT	1	1	0	0
GCCGCGTTCACCGAGCAGTTCCAGAAGCCGA	1	1	0	0
CAACTGGTTGGACTTGCCCTCGACAAAGTTC	1	1	0	0
AACATCCAGCGCACCGTCGCCGAGTACTACA	1	1	0	0
CTTCACGTGGCACTACCACGGGCGCGGCCGA	1	1	0	0
GCGCGCCACCGAGCGCGAACGCCGCTTGGAC	1	0	0	0
GAAGGCGACGAATTGCGTGTGTATGCACCCA	1	1	0	0
GGGACGGCAGCTCATCGCGGAGAAGATCCAC	1	0	0	0
GGCCGGACTTATCCACATGCCGATGCGCTGA	1	1	0	0
AGCGATCTTACGACAGGCGTGCAACACCGTG	1	0	0	0
ATCTATCTATTACGTCATCGCTGGTTGGAAA	1	0	0	0
AAGTCCGGCCCGTCCGGCTACAATAGGCGCT	1	1	0	0
CTACCACGGGCGCGGCCGATACCGGCTGCAC	1	1	0	0
GCCGCCTGGCAGGTGGCGGACAACCTCAAGC	1	1	0	0
ACTAGAATCGCCGGTCTCTCTTTTTCGTTCG	0	0	1	1
CGATCCTGATGAAGAAGGCTGAGCAGGCGAA	1	1	0	0
CCACATGCCGATGCGCTGAGGCCCCAAGCAA	1	1	0	0
CAATCGAGGACGAAACGGTTGGGTGCATACA	1	1	0	0
CCAACCAGCGATGACGTAATAGATAGATACA	1	0	0	0
CAAATAGAAGAGACCGGCGATTCTAGTGAAA	0	0	1	1
AGCTCTTCACGTGGCACTACCACGGGCGCGG	1	1	0	0
GGCTTCTGGAACTGCTCGGTGAACGCGGCGA	1	1	0	0
CTGGCAGGTGGCGGACAACCTCAAGCACGGC	1	1	0	0
CACTGGCGCCGGCGGCGGAGCAACCGGAGGC	1	1	0	0
GGTGCGCACCGAGCGCAACGTCCAGGTCGAA	1	1	0	0
GATGCGGCCTTCTTCATCGCCCAGCGCATCC	1	1	0	0
GATAACCCTTGCTTTGAAGGGGGTACATCCC	1	1	0	0
CTCCCAGCGTGTCGAGCGATCCCTATGAGCC	1	1	0	0
GCCGAAGGCGACGAATTGCGTGTGTATGCAC	1	1	0	0
AAGAGACCGGCGATTCTAGTGAAATCGAAAA	0	0	1	1
CACCGAGCGCGAACGCCGCTTGGACAACAGA	1	0	0	0
ACGAGGCTGTTTCCTTCCTGAGCGAAGCCTG	1	0	0	0
AGCGCTTGAATTCGTTGATGGCGTTGAGCTG	1	1	0	0
CGGTATCGGCCGCGCCCGTGGTAGTGCCACG	1	1	0	0
CAAGGAAGTCATTTTTCTTATATATTATATA	1	0	0	0
ATCAAGATATCCGATCTGTTGTCCAAGCGGC	1	1	0	0
CGCCGCGCGCCGCCATCGTCCCATCGCAGAC	1	1	0	0
GGATATCCCCCAAAGATTGGAAAGGCGGCAC	1	1	0	0
ACTACAAGATCAAGATATCCGATCTGTTGTC	1	1	0	0
GATACAAGGAAGTCATTTTTCTTTTAAAGGA	1	1	0	0
CACCATGTCCGCGACGAAACGTTCCGAATGC	1	1	0	0
GTCGTCACTGGCGGCAGCTCTTCACGTGGCA	1	1	0	0
CGGCTACAACCCGCTGTTCCTCTACGGTGGC	1	1	0	0
CAAGCGTAGCCGTACGCCGCGCGCCGCCATC	1	1	0	0
AAATCGAAAATAATAAAGAGACCGGCGATTC	0	0	1	1
CTCGAAGGCGGCCAGCAGGTGATCCTCACCA	1	1	0	0
CGCCAGTGACGACGGCTCCCAGCGTGTCGAG	1	1	0	0
GGACATGGTGAAGGCCTTGCAGCTCAACGCC	1	1	0	0
TGATGCATGCGGTGGGCAACCACCTGCTGAA	1	1	0	0
CGATTCTAGTGAAATCGAACGAAAAAGAGAG	0	0	1	1
AACTGGTTGGACTTGCCCTCGACAAAGTTCT	1	1	0	0
CGGGCAACTGACCCTCGCCGCGTTCACCGAG	1	1	0	0
TGGGCAACCACCTGCTGAAGAAGAACCCGAA	1	1	0	0
AAGAGACCGGCGATTCTAGTGAAATCGAACA	0	0	1	1
GAAATTGACCTGCCCGTTCGATTTCACTAGA	1	1	0	0
ACCGAGCAGTTCCAGAAGCCGACCGAGGTAT	1	1	0	0
TGCTGCCTATTAATAAGGAAAGCGCGGGCAA	1	1	0	0
GCCAACAGGTCCTTCAGCGACTCGCGAATCA	1	1	0	0
AACCCGCTGTTCCTCTACGGTGGCGTCGGTC	1	1	0	0
CCGTACGCCGCGCGCCGCCATCGTCCCATCG	1	1	0	0
AGAAGATCCACGCACTGCTGCCAAAGTTCCA	1	0	0	0
TCGCGGAGAAGATCCACGCACTGCTGCCAAA	1	0	0	0
AAGAAGGCTGAGCAGGCGAAGATCGAGCTGC	1	1	0	0
AAAAATGACTTCCTTGTATCTATCATCGCTG	1	0	0	0
CCTCTACGGTGGCGTCGGTCTGGGCAAGACC	1	1	0	0
AGCCTGCCGGAGATCGGCGTGGCCTTCGGCG	1	0	0	0
TTGCTGGGCTTCATCGAGTTATGCACAGAAA	1	1	0	0
AATTGACCTGCCCGTTCGATTTCACTAGAAT	1	1	0	0
AGGAAACAGCCTCGTCTCGACAACCTTCATC	1	0	0	0
GGGAGCCGTCGTCACTGGCGGCAGCTCTTCA	1	1	0	0
GCGGTCGGGATCACACCACGGTGTTGCACGC	1	0	0	0
CACCTGGCGCGGGCGCGCCACCGAGCGCGAA	1	0	0	0
ACGTTCCGAATGCAGGTAGACCACCTTGGCG	1	1	0	0
CCAGGAGGAGTTCTTCCACACCTTCAATGCC	1	1	0	0
GGCGCCAGTGCAGCCGGTATCGGCCGCGCCC	1	1	0	0
CTGGCGGCAGCTCTTCACGTGGCACTACCAC	1	1	0	0
GCTCTTGGTGCATAACTCGATGAAGCCCAGC	1	0	0	0
ACGAATTCAAGCGCTTCTACCGCTCGGTGGA	1	1	0	0
CTCGATTGGGTGAACGAGAAATACCTCGGTC	1	1	0	0
CCGCTGGCCGCCGCCATGCCGGCCGGAGCAG	1	1	0	0
CGTGTCGAGCGATCCCTATGAGCCGGAAGAA	1	1	0	0
ACCGGCGATTCTAGTGAAATCGAAAATAATA	0	0	1	1
TAGAAGAGACCGGCGATTCTAGTGAAATCGA	0	0	1	1
ACGTGGCTCCCCCGCCTCCGGTTGCTCCGCC	1	1	0	0
ATCTTGATCTTGTAGTACTCGGCGACGGTGC	1	1	0	0
CGGCCTTCTTCATCGCCCAGCGCATCCGTTC	1	1	0	0
CGCTGAGGCCCCAAGCAAATCAAGACCTTAA	1	1	0	0
ATCCGCTGGCCGCCGCCATGCCGGCCGGAGC	1	1	0	0
GACCGGCGATTCTAGTGAAATCGAACGGAAA	0	0	1	1
GTCCTGAAGGGCCAACAGGTCCTTCAGCGAC	1	1	0	0
CACAGCGGTTTTTTCCACACGGCTGTGCGCA	1	1	0	0
AATCCCGCTTCGGCTGGGGCCTGACGGTGGC	1	1	0	0
AGCCACGTGGGTCTGCGATGGGACGATGGCG	1	1	0	0
GACCTTAATAAAAGCAGGCAGGCCGACGGAC	1	1	0	0
CGCACGTTGGAACGGATGCGCTGGGCGATGA	1	1	0	0
ACCTTCAATGCCCTTCTCGAAGGCGGCCAGC	1	1	0	0
GTTTCCTTCCTGAGCGAAGCCTGGGGATGAA	1	1	0	0
ATCCGTTCCAACGTGCGCGAACTGGAAGGTG	1	1	0	0
GTTCATCCCCAGGCTTCGCTCAGGAAGGAAA	1	1	0	0
CAGCTCGATGGTGATCGGCCGGCCCATGAAG	1	1	0	0
CCACCGCATGCATCAGGTGGGTCTTGCCCAG	1	1	0	0
GCCTATTAATAAGGAAAGCGCGGGCAACTGA	1	1	0	0
CAAAGTTCTCGAAGGTGAAGGTACGGTTGAG	1	1	0	0
AATCGAACGAAAAAGAGAGACCGGCGATTCT	0	0	1	1
CTAGAATCGCCGGTCTCTTTGTATTTTTCGA	0	0	1	1
CCATGCCGGCCGGAGCAGCGCCTGCGGTGCG	1	1	0	0
AACCGTTTCGTCCTCGATTGGGTGAACGAGA	1	1	0	0
CAACCAGCGATGACGTAATAGATAGATACAA	1	0	0	0
ATTCTAGTGAAATCGAAAAATTAAAGAGACC	0	0	1	1
CGAAGGCGACGAATTGCGTGTGTATGCACCC	1	1	0	0
CGCATCGGCATGTGGATAAGTCCGGCCCGTC	1	1	0	0
GCTGGGGCCTGACGGTGGCCGTCGAGCCGCC	1	1	0	0
CCGGTGTCGAGGCTGTTTCCTTCCTGAGCGA	1	1	0	0
GGTTGGAAATTGACCTGCCCGTTCGATTTCA	1	1	0	0
CACGGACACGGATATCCCCCAAAGATTGGAA	1	1	0	0
GCCGGACGGGCCGGACTTATCCACATGCCGA	1	1	0	0
CGATCCGCTGGCCGCCGCCATGCCGGCCGGA	1	1	0	0
GCAACGTCCAGGTCGAAGGTGCGCTGAAGCA	1	1	0	0
ACATGGTGAAGGCCTTGCAGCTCAACGCCAT	1	1	0	0
AGGAGGAGTTCTTCCACACCTTCAATGCCCT	1	1	0	0
CGATGGTGATCGGCCGGCCCATGAAGTGCGA	1	1	0	0
ACATCCAGCGCACCGTCGCCGAGTACTACAA	1	1	0	0
CTTCGAGAAGGGCATTGAAGGTGTGGAAGAA	1	1	0	0
TAAAGAGACCGGCGATTCTAGTGAAATCGAA	1	1	1	1
AGGAAACAGCCTCGACACCGGTTCTCGACAA	1	1	0	0
AGTTCCACGGACACGGATATCCCCCAAAGAT	1	1	0	0
AACCGTACCTTCACCTTCGAGAACTTTGTCG	1	1	0	0
ATCAGGTGGGTCTTGCCCAGACCGACGCCAC	1	1	0	0
ACGCCGATCTCCGGCAGGCTGTGGTTGGTCA	1	0	0	0
ATCGAAAATAATAAAGAGACCGGCGATTCTA	0	0	1	1
CTTGGGGCCTCAGCGCATCGGCATGTGGATA	1	1	0	0
GTCGGCCTGCCTGCTTTTATTAAGGTCTTGA	1	1	0	0
CCTTCAGGACAAGCTGGTCAGCATCGACAAC	1	1	0	0
AAAAAACCGCTGTGGATAACCATCTCGTTCA	1	1	0	0
GTTCTCGACAACCTTTTGCCTGCCGGAGAAA	1	1	0	0
ACTTATCCACATGCCGATGCGCTGAGGCCCC	1	1	0	0
CCAAAGATTGGAAAGGCGGCACAACGAAATA	1	1	0	0
CCTTCAAAGCAAGGGTTATCCACAAAGTCCA	1	1	0	0
CCGTTTCTATCCTTTAAATATATATAATATA	1	0	0	0
CAGCTCGATCTTCGCCTGCTCAGCCTTCTTC	1	1	0	0
AGTGAAATCGAAAAATTAAAGAGACCGGCGA	0	0	1	1
CCGTCCCTTGCAGGTCGAAGCCGAAGGCGAC	1	1	0	0
CCCTCGACAAAGTTCTCGAAGGTGAAGGTAC	1	1	0	0
GGTGTTGCACGCCTGTCGTAAGATCGCTCAA	1	0	0	0
ATTGGAAAGGCGGCACAACGAAATAAGCGCC	1	1	0	0
CAGCGCACCTTCCAGTTCGCGCACGTTGGAA	1	1	0	0
AGCAGCGCCTGCGGTGCGCACCGAGCGCAAC	1	1	0	0
CTGCGATGGGACGATGGCGGCGCGCGGCGTA	1	1	0	0
ACGGCTACGCTTGCTGCCTATTAATAAGGAA	1	1	0	0
CGACTCGCGAATCAGCTCGATGGTGATCGGC	1	1	0	0
ACGGCTCCCAGCGTGTCGAGCGATCCCTATG	1	1	0	0
CACCGCAGGCGCTGCTCCGGCCGGCATGGCG	1	1	0	0
AAAGTTCCACGGACACGGATATCCCCCAAAG	1	1	0	0
CTTCGAGAACTTTGTCGAGGGCAAGTCCAAC	1	1	0	0
CAAGGGACGGATCCAGGTGTTGAATTGTTGG	1	1	0	0
CCTATGAGCCGGAAGAACCCAGCATCGATCC	1	1	0	0
CGCGCGCCGCCATCGTCCCATCGCAGACCCA	1	1	0	0
AGGAAGTCATTTTTCTTATATATTATATATA	1	0	0	0
CTCCGGTTGCTCCGCCGCCGGCGCCAGTGCA	1	1	0	0
GTCGGATTCCCTAAGTTGAGCGATCTTACGA	1	0	0	0
ATCCGTCCCTTGCAGGTCGAAGCCGAAGGCG	1	1	0	0
CTAGTGAAATCGAACGGGCAGGTCAATTTCC	1	1	0	0
CCTATTGTAGCCGGACGGGCCGGACTTATCC	1	1	0	0
CCGGTCTCTTTATTATTTTCGATTTCACTAG	0	0	1	1
AACCCGGGTGGCGATCCTGATGAAGAAGGCT	1	1	0	0
CGCCGCCGGCGCCAGTGCAGCCGGTATCGGC	1	1	0	0
CGCCACCGTAGAGGAACAGCGGGTTGTAGCC	1	1	0	0
CGAATCAGCTCGATGGTGATCGGCCGGCCCA	1	1	0	0
ACCTGCTGAAGAAGAACCCGAACGCCAAGGT	1	1	0	0
CGGATATCCGCGTCGGATTCCCTAAGTTGAG	1	0	0	0
CGCGAGTCGCTGAAGGACCTGTTGGCCCTTC	1	1	0	0
GAAGAAGGCCGCATCGTGCGGCAGCTCGATC	1	1	0	0
CCTTATTAATAGGCAGCAAGCGTAGCCGTAC	1	1	0	0
CTATCCTTTAAATATATATAATATATAAGAA	1	0	0	0
TCAACACCTGGATCCGTCCCTTGCAGGTCGA	1	1	0	0
ACGGCTACAACCCGCTGTTCCTCTACGGTGG	1	1	0	0
ATGTCGTCGATCAACAGTGCGTCCACCGAGC	1	1	0	0
AGCTGCCGTCCCAACAATTCAACACCTGGAT	1	1	0	0
AGGATCGCCACCCGGGTTTCCAGTTCCGGCG	1	1	0	0
CGGCGATTCTAGTGAAATCGAAAATAATAAA	0	0	1	1
CTGTGGTTGGTCAGCTCCTTGGAGAGCGCCA	1	0	0	0
GCGAGTCGCTGAAGGACCTGTTGGCCCTTCA	1	1	0	0
GCTCCCAGGAGGAGTTCTTCCACACCTTCAA	1	1	0	0
CGAACGCCGCTTGGACAACAGATCGGATATC	1	0	0	0
ACTTTGGCAGCAGTGCGTGGATCTTCTCCGC	1	0	0	0
ATTTTTCTTATATATTATATATATTTAAAGG	1	0	0	0
GGCAGGCTGTGGTTGGTCAGCTCCTTGGAGA	1	0	0	0
TCCGCGACGAAACGTTCCGAATGCAGGTAGA	1	1	0	0
AGCGGTCGCTGGTGAGGATCACCTGCTGGCC	1	1	0	0
CCCAATCGAGGACGAAACGGTTGGGTGCATA	1	1	0	0
ACAGCGGTTTTTTCCACACGGCTGTGCGCAG	1	1	0	0
AAAGGCGGCACAACGAAATAAGCGCCTATTG	1	1	0	0
TACACACGCAATTCGTCGCCTTCGGCTTCGA	1	1	0	0
CGTGCAACACCGTGGTGTGATCCCGACCGCC	1	0	0	0
ATCGCCGGTCTCTTTATTATTTTCGATTTCA	0	0	1	1
ATGCATGCGGTGGGCAACCACCTGCTGAAGA	1	1	0	0
CTTACGGGCGAAGAACTGGATGTCGTCGATC	1	1	0	0
CCTGGGGATGAACGAGATGGTTATCCACAGC	1	1	0	0
GATAGCTGGTGTGCTTCAGCGCACCTTCGAC	1	1	0	0
ACGAGAAATACCTCGGTCGGCTTCTGGAACT	1	1	0	0
CCCAGCAATTGCGTGTTTCTCCGGCAGGCAA	1	1	0	0
CCAACCAGTTGGCCCGCGCCGCCGCCTGGCA	1	1	0	0
GAAGGTTGTCGAGACGAGGCTGTTTCCTTCC	1	0	0	0
CACCGGTTCTCGACAACCTTTTGCCTGCCGG	1	1	0	0
AGAACTCCTCCTGGGAGCGCTCCTTACGGGC	1	1	0	0
ATGTACCCCCTTCAAAGCAAGGGTTATCCAC	1	1	0	0
GCTCAGGAAGGAAACAGCCTCGTCTCGACAA	1	0	0	0
CACTAGAATCGCCGGTCTCTTCTATTTGTTC	0	0	1	1
CCACGGACACGGATATCCCCCAAAGATTGGA	1	1	0	0
CCAGGTCGAAGGTGCGCTGAAGCACACCAGC	1	1	0	0
ACAGCCGTGTGGAAAAAACCGCTGTGGATAA	1	1	0	0
AAGGCGGCCAGCAGGTGATCCTCACCAGCGA	1	1	0	0
AGGCAAAAGGTTGTCGAGAACCGGTGTCGAG	1	1	0	0
CAACAGTGCGTCCACCGAGCGGTAGAAGCGC	1	1	0	0
ATCGCCGGTCTCTTTGTATTTTTCGATTTCA	0	0	1	1
AAGGCGACGAATTGCGTGTGTATGCACCCAA	1	1	0	0
ATCCAGCGCACCGTCGCCGAGTACTACAAGA	1	1	0	0
GGTCAGCTCCTTGGAGAGCGCCATGGCCACC	1	0	0	0
CAGCCGAAGCGGGATTTCAGCCGCTCTTCCA	1	1	0	0
CATCATCATTGCCTGCCGGAGAAACACGCAA	1	0	0	0
CGCTGCTCCGGCCGGCATGGCGGCGGCCAGC	1	1	0	0
AGTTCTCGAAGGTGAAGGTACGGTTGAGATA	1	1	0	0
CCAACCGTTTCGTCCTCGATTGGGTGAACGA	1	1	0	0
AGCTGCCGCACGATGCGGCCTTCTTCATCGC	1	1	0	0
AACTGACCCTCGCCGCGTTCACCGAGCAGTT	1	1	0	0
CACACCTTCAATGCCCTTCTCGAAGGCGGCC	1	1	0	0
CCGGCCGGAGCAGCGCCTGCGGTGCGCACCG	1	1	0	0
GGTCTCTTTGTATTTTTCGATTTCACTAGAA	0	0	1	1
AATCGCCGGTCTCTTTAATTTTTCGATTTCA	0	0	1	1
CAACCACAGCCTGCCGGAGATCGGCGTGGCC	1	0	0	0
AACGCCGCTTGGACAACAGATCGGATATCTT	1	0	0	0
CGAAACGGTTGGGTGCATACACACGCAATTC	1	1	0	0
CCGCCGCCTGGCAGGTGGCGGACAACCTCAA	1	1	0	0
CCGCGCCAGGTGGCCATGGCGCTCTCCAAGG	1	0	0	0
AAGGATAGAAACGGTTAATGCTCTTGGTGCA	1	0	0	0
CCTTCATCATCATTGCCTGCCGGAGAAACAC	1	0	0	0
CGGCCGGCCCATGAAGTGCGAGTGGGCTATC	1	1	0	0
GCGAGTGGGCTATCACCCGCTTCAGCGCACC	1	1	0	0
AGTGCCACGTGAAGAGCTGCCGCCAGTGACG	1	1	0	0
GTTTCGTCGCGGACATGGTGAAGGCCTTGCA	1	1	0	0
ACGCCGCTTGGACAACAGATCGGATATCTTG	1	1	0	0
ACTCGATGAAGCCCAGCAATTGCGTGTTTCT	1	1	0	0
CGCACTTCATGGGCCGGCCGATCACCATCGA	1	1	0	0
CCGGTCTCTTTGTATTTTTCGATTTCACTAG	0	0	1	1
CCGCCTGGCAGGTGGCGGACAACCTCAAGCA	1	1	0	0
GATTCTAGTGAAATCGAAAAATTAAAGAGAC	0	0	1	1
TATAAGAAAAATGACTTCCTTGTATCTATCA	1	0	0	0
CTTGAATTCGTTGATGGCGTTGAGCTGCAAG	1	1	0	0
TGAAGCCCAGCAATTGCGTGTTTCTCCGGCA	1	1	0	0
CGGCGATTCTAGTGAAATCGAAAAATACAAA	0	0	1	1
AGCGATGATAGATACAAGGAAGTCATTTTTC	1	0	0	0
AATTGCGTGTGTATGCACCCAACCGTTTCGT	1	1	0	0
CATGAAGTGCGAGTGGGCTATCACCCGCTTC	1	1	0	0
CCATGGCGCTCTCCAAGGAGCTGACCAACCA	1	0	0	0
AAAGAGACCGGCGATTCTAGTGAAATCGAAC	1	1	1	1
CCTTCGGCTTCGACCTGCAAGGGACGGATCC	1	1	0	0
AATCTTTGGGGGATATCCGTGTCCGTGGAAC	1	1	0	0
ATCAACAGTGCGTCCACCGAGCGGTAGAAGC	1	1	0	0
CCGCCACCTGCCAGGCGGCGGCGCGGGCCAA	1	1	0	0
AACGTTCCGAATGCAGGTAGACCACCTTGGC	1	1	0	0
AAAATGACTTCCTTGTATCTATCTATTACGT	1	0	0	0
CGCGATGAGCTGCCGTCCCAACAATTCAACA	1	0	0	0
CTGTCGTAAGATCGCTCAACTTAGGGAATCC	1	0	0	0
ATGCAGGTAGACCACCTTGGCGTTCGGGTTC	1	1	0	0
GGCGCGCCACCGAGCGCGAACGCCGCTTGGA	1	0	0	0
AAGGACCTGTTGGCCCTTCAGGACAAGCTGG	1	1	0	0
CACGTGGCACTACCACGGGCGCGGCCGATAC	1	1	0	0
CACCTTCGACCTGGACGTTGCGCTCGGTGCG	1	1	0	0
ATGACTTCCTTGTATCTATACGTCATCGCTG	0	1	0	0
CAGCAATTGCGTGTTTCTCCGGCAGGCAAAA	1	1	0	0
CGCCCGCGCCAGGTGGCCATGGCGCTCTCCA	1	0	0	0
GTGAAATCGAAAAATACAAAGAGACCGGCGA	0	0	1	1
CAGCAATTGCGTGTTTCTCCGGCAGGCAATG	1	0	0	0
AAAAGAAAAATGACTTCCTTGTATCTATCTA	1	0	0	0
CTGGTGAGGATCACCTGCTGGCCGCCTTCGA	1	1	0	0
CGCCACCGAGCGCGAACGCCGCTTGGACAAC	1	0	0	0
CCAGTTCCGGCGGCTCGACGGCCACCGTCAG	1	1	0	0
CGCTGGGAGCCGTCGTCACTGGCGGCAGCTC	1	1	0	0
CACCAAGAGCATTAACCGTTTCTATCCTTTA	1	0	0	0
CAGGACAAGCTGGTCAGCATCGACAACATCC	1	1	0	0
AGCTATCTCAACCGTACCTTCACCTTCGAGA	1	1	0	0
CCTTTTGCCTGCCGGAGAAACACGCAATTGC	1	1	0	0
AGGTGGTTGCCCACCGCATGCATCAGGTGGG	1	1	0	0
AAAAGCGCCGTCCCAAGAGCATTAACCGTTT	1	1	0	0
CGATCTCCGGCAGGCTGTGGTTGGTCAGCTC	1	0	0	0
ACGAAATAAGCGCCTATTGTAGCCGGACGGG	1	1	0	0
CCTCGTCTCGACAACCTTCATCATCATTGCC	1	0	0	0
ATCATCATTGCCTGCCGGAGAAACACGCAAT	1	0	0	0
ATTGTGTGTGGAGACCGGCGATTCTAGTGAA	1	0	0	0
ATGGCGCTCTCCAAGGAGCTGACCAACCACA	1	0	0	0
AGTTATGCACAGAAAAGCGCCGTCCCAAGAG	1	1	0	0
AGCTGACCAACCACAGCCTGCCGGAGATCGG	1	0	0	0
AAAGAAAAATGACTTCCTTGTATCTATACGT	0	1	0	0
GTATTTCTCGTTCACCCAATCGAGGACGAAA	1	1	0	0
CAGCCGCTCTTCCAGGCCTTCGATTTCCTTC	1	1	0	0
AGCAGGCAGGCCGACGGACGGTCGTCCTGGA	1	1	0	0
ACAACCTTTTGCCTGCCGGAGAAACACGCAA	1	1	0	0
AGCCGCTCTTCCAGGCCTTCGATTTCCTTCG	1	1	0	0
AGAAGAACCCGAACGCCAAGGTGGTCTACCT	1	1	0	0
CCGCGATGAGCTGCCGTCCCAACAATTCAAC	1	0	0	0
GCAAGTCCAACCAGTTGGCCCGCGCCGCCGC	1	1	0	0
CAAAGTCCAGGACGACCGTCCGTCGGCCTGC	1	1	0	0
CAACAGGTCCTTCAGCGACTCGCGAATCAGC	1	1	0	0
AGGGATGTACCCCCTTCAAAGCAAGGGTTAT	1	1	0	0
CGCTGTGGATAACCATCTCGTTCATCCCCAG	1	1	0	0
AGATACAAGGAAGTCATTTTTCTTTTAAAGG	1	1	0	0
GGCGCTGCTCCGGCCGGCATGGCGGCGGCCA	1	1	0	0
ACTGGAAACCCGGGTGGCGATCCTGATGAAG	1	1	0	0
ACCGTGGTGTGATCCCGACCGCCGAAGGCCA	1	0	0	0
CTTCCACACCTTCAATGCCCTTCTCGAAGGC	1	1	0	0
CAAGGAAGTCATTTTTCTTTTAAAGGATAGA	1	1	0	0
ACTTCATGGGCCGGCCGATCACCATCGAGCT	1	1	0	0
CAGGTGGCCATGGCGCTCTCCAAGGAGCTGA	1	0	0	0
GGAACGGATGCGCTGGGCGATGAAGAAGGCC	1	1	0	0
CACCTTCAATGCCCTTCTCGAAGGCGGCCAG	1	1	0	0
GGCCCTTCAGGACAAGCTGGTCAGCATCGAC	1	1	0	0
CGAAATAAGCGCCTATTGTAGCCGGACGGGC	1	1	0	0
CAAGCGCTTCTACCGCTCGGTGGACGCACTG	1	1	0	0
AATCGCCGGTCTCTTCTATTTGTTCGATTTC	0	0	1	1
AATTCGTCGCCTTCGGCTTCGACCTGCAAGG	1	1	0	0
ACTAGAATCGCCGGTCTCCACACACAATTTA	1	0	0	0
CCACTCGCACTTCATGGGCCGGCCGATCACC	1	1	0	0
CGGTCGGGATCACACCACGGTGTTGCACGCC	1	0	0	0
CGCGCCGCCATCGTCCCATCGCAGACCCACG	1	1	0	0
CACTAGAATCGCCGGTCTCTTTATTATTTTC	0	0	1	1
CGAGTTATGCACAGAAAAGCGCCGTCCCAAG	1	1	0	0
CGGTTCTCGACAACCTTTTGCCTGCCGGAGA	1	1	0	0
AGCCGTACGCCGCGCGCCGCCATCGTCCCAT	1	1	0	0
ATTGAAGGTGTGGAAGAACTCCTCCTGGGAG	1	1	0	0
GCGATTCTAGTGAAATCGAACGGGCAGGTCA	1	1	0	0
CTGAGGCCCCAAGCAAATCAAGACCTTAATA	1	1	0	0
AACGCCATCAACGAATTCAAGCGCTTCTACC	1	1	0	0
AATATATAAGAAAAATGACTTCCTTGTATCT	1	0	0	0
ACTAGAATCGCCGGTCTCTTTGTATTTTTCG	0	0	1	1
CCAGACCGACGCCACCGTAGAGGAACAGCGG	1	1	0	0
AAGGTGGTCTACCTGCATTCGGAACGTTTCG	1	1	0	0
CATGCCGATGCGCTGAGGCCCCAAGCAAATC	1	1	0	0
ATCCAGTTCTTCGCCCGTAAGGAGCGCTCCC	1	1	0	0
AGCTGGTCAGCATCGACAACATCCAGCGCAC	1	1	0	0
AGCGGGATTTCAGCCGCTCTTCCAGGCCTTC	1	1	0	0
GTTGTGCCGCCTTTCCAATCTTTGGGGGATA	1	1	0	0
CGATGCTGGGTTCTTCCGGCTCATAGGGATC	1	1	0	0
GAACTGGAAACCCGGGTGGCGATCCTGATGA	1	1	0	0
ATCTATACGTCATCGCTGGTTGGAAATTGAC	0	1	0	0
CACGATGCGGCCTTCTTCATCGCCCAGCGCA	1	1	0	0
CACCGTGGTGTGATCCCGACCGCCGAAGGCC	1	0	0	0
CCTGCCTGCTTTTATTAAGGTCTTGATTTGC	1	1	0	0
CAATTCGTCGCCTTCGGCTTCGACCTGCAAG	1	1	0	0
CCCAGGCTTCGCTCAGGAAGGAAACAGCCTC	1	1	0	0
TACGGGCGAAGAACTGGATGTCGTCGATCAA	1	1	0	0
ACCGAGGTATTTCTCGTTCACCCAATCGAGG	1	1	0	0
CGCCCGTGGTAGTGCCACGTGAAGAGCTGCC	1	1	0	0
CAATTGCTGGGCTTCATCGAGTTATGCACCA	1	0	0	0
CCCCCAAAGATTGGAAAGGCGGCACAACGAA	1	1	0	0
GGTCTCTTCTATTTGTTCGATTTCACTAGAA	0	0	1	1
CCGCGCGCCGCCATCGTCCCATCGCAGACCC	1	1	0	0
GCGCTTTCCTTATTAATAGGCAGCAAGCGTA	1	1	0	0
GCATGTGGATAAGTCCGGCCCGTCCGGCTAC	1	1	0	0
CCAGTGACGACGGCTCCCAGCGTGTCGAGCG	1	1	0	0
AAAGAGACCGGCGATTCTAGTGAAATCGAAA	0	0	1	1
CCAGCGTGTCGAGCGATCCCTATGAGCCGGA	1	1	0	0
ATCCGTGTCCGTGGAACTTTGGCAGCAGTGC	1	1	0	0
CATTAACCGTTTCTATCCTTTAAAAGAAAAA	1	1	0	0
CGCGTTCACCGAGCAGTTCCAGAAGCCGACC	1	1	0	0
ATCCACAGCGGTTTTTTCCACACGGCTGTGC	1	1	0	0
AACCCTTGCTTTGAAGGGGGTACATCCCTGC	1	1	0	0
ATCAAGACCTTAATAAAAGCAGGCAGGCCGA	1	1	0	0
TAGAGGAACAGCGGGTTGTAGCCGTGCTTGA	1	1	0	0
CCGGGTGGCGATCCTGATGAAGAAGGCTGAG	1	1	0	0
GCGCCTATTGTAGCCGGACGGGCCGGACTTA	1	1	0	0
ACTGACCCTCGCCGCGTTCACCGAGCAGTTC	1	1	0	0
AGGTGCGCTGAAGCACACCAGCTATCTCAAC	1	1	0	0
AAGGCCTTGCAGCTCAACGCCATCAACGAAT	1	1	0	0
GAAATCGAAAAATTAAAGAGACCGGCGATTC	0	0	1	1
ACCCACGTGGCTCCCCCGCCTCCGGTTGCTC	1	1	0	0
CCTCACCAGCGACCGCTATCCGAAGGAAATC	1	1	0	0
ATCGACGACATCCAGTTCTTCGCCCGTAAGG	1	1	0	0
CGTGAAGAGCTGCCGCCAGTGACGACGGCTC	1	1	0	0
CCTTCACCATGTCCGCGACGAAACGTTCCGA	1	1	0	0
GGAAGTCATTTTTCTTTTAAAGGATAGAAAC	1	1	0	0
TCGAACGGGCAGGTCAATTTCCAACCAGCGA	1	1	0	0
ATAATATATAAGAAAAATGACTTCCTTGTAT	1	0	0	0
ACAAGCTGGTCAGCATCGACAACATCCAGCG	1	1	0	0
GAAGGGCATTGAAGGTGTGGAAGAACTCCTC	1	1	0	0
CAGCGCATCCGTTCCAACGTGCGCGAACTGG	1	1	0	0
TGCATGCGGTGGGCAACCACCTGCTGAAGAA	1	1	0	0
GACAAGCTGGTCAGCATCGACAACATCCAGC	1	1	0	0
CCTTCGACCTGGACGTTGCGCTCGGTGCGCA	1	1	0	0
AACAATTCAACACCTGGATCCGTCCCTTGCA	1	1	0	0
AACGTCCAGGTCGAAGGTGCGCTGAAGCACA	1	1	0	0
AAGCTGGTCAGCATCGACAACATCCAGCGCA	1	1	0	0
TCCACGCACTGCTGCCAAAGTTCCACGGACA	1	0	0	0
TGGAAACCCGGGTGGCGATCCTGATGAAGAA	1	1	0	0
CGGCGGCGGAGCAACCGGAGGCGGGGGAGCC	1	1	0	0
ACGCCAAGGTGGTCTACCTGCATTCGGAACG	1	1	0	0
ATCGAAAAATTAAAGAGACCGGCGATTCTAG	0	0	1	1
GCCCATGAAGTGCGAGTGGGCTATCACCCGC	1	1	0	0
ATAGAAACGGTTAATGCTCTTGGGACGGCGC	1	1	0	0
CCTATTAATAAGGAAAGCGCGGGCAACTGAC	1	1	0	0
AGAGACCGGCGATTCTAGTGAAATCGAACGA	0	0	1	1
CTTCTTCAGCAGGTGGTTGCCCACCGCATGC	1	1	0	0
ACCGGTTCTCGACAACCTTTTGCCTGCCGGA	1	1	0	0
CCAAGCGGCGTTCGCGCTCGGTGGCGCGCCC	1	0	0	0
AACAGCCTCGACACCGGTTCTCGACAACCTT	1	1	0	0
TGCTGGGCTTCATCGAGTTATGCACAGAAAA	1	1	0	0
AGGTCTTGATTTGCTTGGGGCCTCAGCGCAT	1	1	0	0
GCCAGGCGGCGGCGCGGGCCAACTGGTTGGA	1	1	0	0
GCTGCCTATTAATAAGGAAAGCGCGGGCAAC	1	1	0	0
ACGGTTAATGCTCTTGGTGCATAACTCGATG	1	0	0	0
GACTTCCTTGTATCTATCATCGCTGGTTGGA	1	0	0	0
ACCGCATGCATCAGGTGGGTCTTGCCCAGAC	1	1	0	0
CTACCGCTCGGTGGACGCACTGTTGATCGAC	1	1	0	0
GGAAGGTGCGCTGAAGCGGGTGATAGCCCAC	1	1	0	0
CAGTTCCGGCGGCTCGACGGCCACCGTCAGG	1	1	0	0
ATTAACCGTTTCTATCCTTTAAATATATATA	1	0	0	0
GATATCCCCCAAAGATTGGAAAGGCGGCACA	1	1	0	0
ATAAGAAAAATGACTTCCTTGTATCTATCAT	1	0	0	0
CTCCTTGGAGAGCGCCATGGCCACCTGGCGC	1	0	0	0
AAAATGACTTCCTTGTATCTATACGTCATCG	0	1	0	0
GGGTGGCGATCCTGATGAAGAAGGCTGAGCA	1	1	0	0
CTTCCTTGTATCTATCATCGCTGGTTGGAAA	1	0	0	0
CCGGCTGCACTGGCGCCGGCGGCGGAGCAAC	1	1	0	0
CATTTTTCTTTTAAAGGATAGAAACGGTTAA	1	1	0	0
GCTGCAAGGCCTTCACCATGTCCGCGACGAA	1	1	0	0
CATGTCCGCGACGAAACGTTCCGAATGCAGG	1	1	0	0
AAGAGCTGCCGCCAGTGACGACGGCTCCCAG	1	1	0	0
AACGTTTCGTCGCGGACATGGTGAAGGCCTT	1	1	0	0
CACACCACGGTGTTGCACGCCTGTCGTAAGA	1	0	0	0
CTTGATTTGCTTGGGGCCTCAGCGCATCGGC	1	1	0	0
ATCGCGGAGAAGATCCACGCACTGCTGCCAA	1	0	0	0
CGGTGGCGCGCCCGCGCCAGGTGGCCATGGC	1	0	0	0
AGGCCGCATCGTGCGGCAGCTCGATCTTCGC	1	1	0	0
GTCTTGCCCAGACCGACGCCACCGTAGAGGA	1	1	0	0
GGGACGATGGCGGCGCGCGGCGTACGGCTAC	1	1	0	0
CATCCAGTTCTTCGCCCGTAAGGAGCGCTCC	1	1	0	0
AATACCTCGGTCGGCTTCTGGAACTGCTCGG	1	1	0	0
AGCCGAAGGCGACGAATTGCGTGTGTATGCA	1	1	0	0
CTCCGCGATGAGCTGCCGTCCCAACAATTCA	1	0	0	0
CTTCGCTCAGGAAGGAAACAGCCTCGACACC	1	1	0	0
GCTGGTCAGCATCGACAACATCCAGCGCACC	1	1	0	0
ATAAGTCCGGCCCGTCCGGCTACAATAGGCG	1	1	0	0
GTGAAATCGAACGGGCAGGTCAATTTCCAAC	1	1	0	0
CAGCATCGATCCGCTGGCCGCCGCCATGCCG	1	1	0	0
CCCTCGCCGCGTTCACCGAGCAGTTCCAGAA	1	1	0	0
AAAGCGCCGTCCCAAGAGCATTAACCGTTTC	1	1	0	0
GACCGGCGATTCTAGTGAAATCGAAAAATAC	0	0	1	1
AATAGAAGAGACCGGCGATTCTAGTGAAATC	0	0	1	1
ATCGGCGTGGCCTTCGGCGGTCGGGATCACA	1	0	0	0
AATTTTTCGATTTCACTAGAATCGCCGGTCT	0	0	1	1
CCCACCGCATGCATCAGGTGGGTCTTGCCCA	1	1	0	0
CTTTGAAGGGGGTACATCCCTGCGCACAGCC	1	1	0	0
CGGCGAGGGTCAGTTGCCCGCGCTTTCCTTA	1	1	0	0
CAATTGCGTGTTTCTCCGGCAGGCAATGATG	1	0	0	0
CAGGCCTTCGATTTCCTTCGGATAGCGGTCG	1	1	0	0
ATTCGTCGCCTTCGGCTTCGACCTGCAAGGG	1	1	0	0
GGCGTACGGCTACGCTTGCTGCCTATTAATA	1	1	0	0
CGGCGGTCGGGATCACACCACGGTGTTGCAC	1	0	0	0
CGTCAGGCCCCAGCCGAAGCGGGATTTCAGC	1	1	0	0
CAACGCCATCAACGAATTCAAGCGCTTCTAC	1	1	0	0
AATCGCCGGTCTCTTTATTATTTTCGATTTC	0	0	1	1
ACATCCAGTTCTTCGCCCGTAAGGAGCGCTC	1	1	0	0
AACCCGAACGCCAAGGTGGTCTACCTGCATT	1	1	0	0
ATAGAAACGGTTAATGCTCTTGGTGCATAAC	1	0	0	0
GGGTTCTTCCGGCTCATAGGGATCGCTCGAC	1	1	0	0
CTTGTATCTATACGTCATCGCTGGTTGGAAA	0	1	0	0
CACCACGGTGTTGCACGCCTGTCGTAAGATC	1	0	0	0
ATTATTTTCGATTTCACTAGAATCGCCGGTC	0	0	1	1
GAGCATTAACCGTTTCTATCCTTTAAATATA	1	0	0	0
AAGCAAGGGTTATCCACAAAGTCCAGGACGA	1	1	0	0
ACTAGAATCGCCGGTCTCTTCTATTTGTTCG	0	0	1	1
GCATCGATCCGCTGGCCGCCGCCATGCCGGC	1	1	0	0
ACTGTTGATCGACGACATCCAGTTCTTCGCC	1	1	0	0
GGTGGGTCTTGCCCAGACCGACGCCACCGTA	1	1	0	0
CATCGTCCCATCGCAGACCCACGTGGCTCCC	1	1	0	0
GTGTTGCACGCCTGTCGTAAGATCGCTCAAC	1	0	0	0
CGGGTTTCCAGTTCCGGCGGCTCGACGGCCA	1	1	0	0
AGCCGACCGAGGTATTTCTCGTTCACCCAAT	1	1	0	0
GGAGCAGCGCCTGCGGTGCGCACCGAGCGCA	1	1	0	0
CAATTTCCAACCAGCGATGACGTAATAGATA	1	0	0	0
CTCCGCCGCCGGCGCCAGTGCAGCCGGTATC	1	1	0	0
CAACAATTCAACACCTGGATCCGTCCCTTGC	1	1	0	0
AATTCGTTGATGGCGTTGAGCTGCAAGGCCT	1	1	0	0
ATCGGCCGCGCCCGTGGTAGTGCCACGTGAA	1	1	0	0
CGCGGACATGGTGAAGGCCTTGCAGCTCAAC	1	1	0	0
GATCACCTGCTGGCCGCCTTCGAGAAGGGCA	1	1	0	0
GGCGATTCTAGTGAAATCGAAAAATTAAAGA	0	0	1	1
GTGCGCTGAAGCGGGTGATAGCCCACTCGCA	1	1	0	0
CTAAGTTGAGCGATCTTACGACAGGCGTGCA	1	0	0	0
CAACACCGTGGTGTGATCCCGACCGCCGAAG	1	0	0	0
CAGATCGGATATCTTGATCTTGTAGTACTCG	1	1	0	0
CTTCTTCATCGCCCAGCGCATCCGTTCCAAC	1	1	0	0
AGTGCAGCCGGTATCGGCCGCGCCCGTGGTA	1	1	0	0
CACTTCATGGGCCGGCCGATCACCATCGAGC	1	1	0	0
TGGCCATGGCGCTCTCCAAGGAGCTGACCAA	1	0	0	0
GAAATCGAACGGGCAGGTCAATTTCCAACCA	1	1	0	0
AACGCCAAGGTGGTCTACCTGCATTCGGAAC	1	1	0	0
CCTCGCCGCGTTCACCGAGCAGTTCCAGAAG	1	1	0	0
AATTAAAGAGACCGGCGATTCTAGTGAAATC	0	0	1	1
CACTCGCACTTCATGGGCCGGCCGATCACCA	1	1	0	0
AAGTGCGAGTGGGCTATCACCCGCTTCAGCG	1	1	0	0
AAGAAAAATGACTTCCTTGTATCTATCTATT	1	0	0	0
CCCTTGCTTTGAAGGGGGTACATCCCTGCGC	1	1	0	0
AGCGCCATGGCCACCTGGCGCGGGCGCGCCA	1	0	0	0
CACCGTAGAGGAACAGCGGGTTGTAGCCGTG	1	1	0	0
CCGGCGATTCTAGTGAAATCGAACGGAAAAA	0	0	1	1
AGAAGCCGACCGAGGTATTTCTCGTTCACCC	1	1	0	0
CAACGTCCAGGTCGAAGGTGCGCTGAAGCAC	1	1	0	0
CCAGGCTTCGCTCAGGAAGGAAACAGCCTCG	1	1	0	0
CGCAATTCGTCGCCTTCGGCTTCGACCTGCA	1	1	0	0
GCTATCTCAACCGTACCTTCACCTTCGAGAA	1	1	0	0
CATCTCGTTCATCCCCAGGCTTCGCTCAGGA	1	1	0	0
AGCATCGATCCGCTGGCCGCCGCCATGCCGG	1	1	0	0
CTTCGACCTGGACGTTGCGCTCGGTGCGCAC	1	1	0	0
TCCGGCAGGCAATGATGATGAAGGTTGTCGA	1	0	0	0
ACCCAATCGAGGACGAAACGGTTGGGTGCAT	1	1	0	0
AAATACAAAGAGACCGGCGATTCTAGTGAAA	0	0	1	1
GCTGAAGCACACCAGCTATCTCAACCGTACC	1	1	0	0
CTATCATCGCTGGTTGGAAATTGACCTGCCC	1	0	0	0
AGGCCTGGAAGAGCGGCTGAAATCCCGCTTC	1	1	0	0
ACAACATCCAGCGCACCGTCGCCGAGTACTA	1	1	0	0
CTCGACAACCTTTTGCCTGCCGGAGAAACAC	1	1	0	0
CGTCGTCACTGGCGGCAGCTCTTCACGTGGC	1	1	0	0
AGTACTCGGCGACGGTGCGCTGGATGTTGTC	1	1	0	0
AGGAGCTGACCAACCACAGCCTGCCGGAGAT	1	0	0	0
AAAAATGACTTCCTTGTATCTATCTATTACG	1	0	0	0
AGTGCGTCCACCGAGCGGTAGAAGCGCTTGA	1	1	0	0
TAAAGGATAGAAACGGTTAATGCTCTTGGGA	1	1	0	0
ACCGTCGCCGAGTACTACAAGATCAAGATAT	1	1	0	0
GGCGGCGCGGGCCAACTGGTTGGACTTGCCC	1	1	0	0
AGCGGGTTGTAGCCGTGCTTGAGGTTGTCCG	1	1	0	0
CCGCCATCGTCCCATCGCAGACCCACGTGGC	1	1	0	0
CCCACGTGGCTCCCCCGCCTCCGGTTGCTCC	1	1	0	0
ATCGAGCTGATTCGCGAGTCGCTGAAGGACC	1	1	0	0
CGACCTGCAAGGGACGGATCCAGGTGTTGAA	1	1	0	0
CGGCTGTGCGCAGGGATGTACCCCCTTCAAA	1	1	0	0
CACACGCAATTCGTCGCCTTCGGCTTCGACC	1	1	0	0
CTTTATTATTTTCGATTTCACTAGAATCGCC	0	0	1	1
GCCGCGCGCCGCCATCGTCCCATCGCAGACC	1	1	0	0
ATTATATATATTTAAAGGATAGAAACGGTTA	1	0	0	0
CTGGGCTTCATCGAGTTATGCACCAAGAGCA	1	0	0	0
AAGTCCAGGACGACCGTCCGTCGGCCTGCCT	1	1	0	0
CGCTTCTACCGCTCGGTGGACGCACTGTTGA	1	1	0	0
GCGGCACAACGAAATAAGCGCCTATTGTAGC	1	1	0	0
CGGCGATTCTAGTGAAATCGAACGGAAAAAG	0	0	1	1
GCGTACGGCTACGCTTGCTGCCTATTAATAA	1	1	0	0
AACTCGATGAAGCCCAGCAATTGCGTGTTTC	1	1	0	0
CGGCAGCTCGATCTTCGCCTGCTCAGCCTTC	1	1	0	0
AACCATCTCGTTCATCCCCAGGCTTCGCTCA	1	1	0	0
GCAAGGGTTATCCACAAAGTCCAGGACGACC	1	1	0	0
CCAGAAGCCGACCGAGGTATTTCTCGTTCAC	1	1	0	0
ACTAGAATCGCCGGTCTCTTTATTATTTTCG	0	0	1	1
CACCGAGCGCAACGTCCAGGTCGAAGGTGCG	1	1	0	0
CCGTGGTGTGATCCCGACCGCCGAAGGCCAC	1	0	0	0
GGAGCGCTCCCAGGAGGAGTTCTTCCACACC	1	1	0	0
CCTTCCTGAGCGAAGCCTGGGGATGAACGAG	1	1	0	0
CGCTTTCCTTATTAATAGGCAGCAAGCGTAG	1	1	0	0
AAGGAAACAGCCTCGACACCGGTTCTCGACA	1	1	0	0
CGCAACGTCCAGGTCGAAGGTGCGCTGAAGC	1	1	0	0
ATAAAAGCAGGCAGGCCGACGGACGGTCGTC	1	1	0	0
GAGCTGCCGTCCCAACAATTCAACACCTGGA	1	1	0	0
GTGGGCAACCACCTGCTGAAGAAGAACCCGA	1	1	0	0
GTATAGATACAAGGAAGTCATTTTTCTTTTA	0	1	0	0
CCCGACCGCCGAAGGCCACGCCGATCTCCGG	1	0	0	0
CGTTCGGGTTCTTCTTCAGCAGGTGGTTGCC	1	1	0	0
CATGCATCAGGTGGGTCTTGCCCAGACCGAC	1	1	0	0
CGGCAGGCAATGATGATGAAGGTTGTCGAGA	1	0	0	0
CGACCGAGGTATTTCTCGTTCACCCAATCGA	1	1	0	0
TCAGCGCACCTTCCAGTTCGCGCACGTTGGA	1	1	0	0
GTTTCTATCCTTTAAATATATATAATATATA	1	0	0	0
GTCATTTTTCTTATATATTATATATATTTAA	1	0	0	0
CGGGGGAGCCACGTGGGTCTGCGATGGGACG	1	1	0	0
TCGTTGATGGCGTTGAGCTGCAAGGCCTTCA	1	1	0	0
CTTCAGCAGGTGGTTGCCCACCGCATGCATC	1	1	0	0
CCGTACCTTCACCTTCGAGAACTTTGTCGAG	1	1	0	0
AACCGCTGTGGATAACCATCTCGTTCATCCC	1	1	0	0
GCTCAACTTAGGGAATCCGACGCGGATATCC	1	0	0	0
GATCTCCGGCAGGCTGTGGTTGGTCAGCTCC	1	0	0	0
CAGGCTTCGCTCAGGAAGGAAACAGCCTCGA	1	1	0	0
GACGGTGGCCGTCGAGCCGCCGGAACTGGAA	1	1	0	0
GCATCAGGTGGGTCTTGCCCAGACCGACGCC	1	1	0	0
CTGGATGTTGTCGATGCTGACCAGCTTGTCC	1	1	0	0
TGCTCTTGGGACGGCGCTTTTCTGTGCATAA	1	1	0	0
CGTCCTCGATTGGGTGAACGAGAAATACCTC	1	1	0	0
GCCGGTCTCTTCTATTTGTTCGATTTCACTA	0	0	1	1
AGCATTAACCGTTTCTATCCTTTAAATATAT	1	0	0	0
CTTTAAAAGAAAAATGACTTCCTTGTATCTA	1	1	0	0
CGACAACATCCAGCGCACCGTCGCCGAGTAC	1	1	0	0
GGTTCTTCCGGCTCATAGGGATCGCTCGACA	1	1	0	0
CTGCTGCCAAAGTTCCACGGACACGGATATC	1	1	0	0
GAAAAATGACTTCCTTGTATCTATCTATTAC	1	0	0	0
CAACGTGCGCGAACTGGAAGGTGCGCTGAAG	1	1	0	0
AAGGGCATTGAAGGTGTGGAAGAACTCCTCC	1	1	0	0
AATCGAACAAATAGAAGAGACCGGCGATTCT	0	0	1	1
TGCCGCACGATGCGGCCTTCTTCATCGCCCA	1	1	0	0
AGCGATCCCTATGAGCCGGAAGAACCCAGCA	1	1	0	0
GACGACATCCAGTTCTTCGCCCGTAAGGAGC	1	1	0	0
ACGTGCGCGAACTGGAAGGTGCGCTGAAGCG	1	1	0	0
GTAGTGCCACGTGAAGAGCTGCCGCCAGTGA	1	1	0	0
ACAGCCTGCCGGAGATCGGCGTGGCCTTCGG	1	0	0	0
GCTCTTCCAGGCCTTCGATTTCCTTCGGATA	1	1	0	0
GTGCCACGTGAAGAGCTGCCGCCAGTGACGA	1	1	0	0
GAAGCCTGGGGATGAACGAGATGGTTATCCA	1	1	0	0
CACAACGAAATAAGCGCCTATTGTAGCCGGA	1	1	0	0
AAGAACTGGATGTCGTCGATCAACAGTGCGT	1	1	0	0
GACTCGCGAATCAGCTCGATGGTGATCGGCC	1	1	0	0
ACCAGCGATGACGTATAGATACAAGGAAGTC	0	1	0	0
CAGGCCCCAGCCGAAGCGGGATTTCAGCCGC	1	1	0	0
CGGGTTGTAGCCGTGCTTGAGGTTGTCCGCC	1	1	0	0
TCGAGTTATGCACAGAAAAGCGCCGTCCCAA	1	1	0	0
ATGCGGTGGGCAACCACCTGCTGAAGAAGAA	1	1	0	0
CCGTAAGGAGCGCTCCCAGGAGGAGTTCTTC	1	1	0	0
ACACCGTGGTGTGATCCCGACCGCCGAAGGC	1	0	0	0
CGAGATGGTTATCCACAGCGGTTTTTTCCAC	1	1	0	0
GCGCGGGCAACTGACCCTCGCCGCGTTCACC	1	1	0	0
ACCAGCGATGACGTAATAGATAGATACAAGG	1	0	0	0
AAGAGCGGCTGAAATCCCGCTTCGGCTGGGG	1	1	0	0
CCATCGCAGACCCACGTGGCTCCCCCGCCTC	1	1	0	0
TATAGATACAAGGAAGTCATTTTTCTTTTAA	0	1	0	0
CAGCAGTGCGTGGATCTTCTCCGCGATGAGC	1	0	0	0
CGGCTCGACGGCCACCGTCAGGCCCCAGCCG	1	1	0	0
AAAGCGCGGGCAACTGACCCTCGCCGCGTTC	1	1	0	0
GATCCTCACCAGCGACCGCTATCCGAAGGAA	1	1	0	0
ACTTCCTTGTATCTATCATCGCTGGTTGGAA	1	0	0	0
GCCCTTCTCGAAGGCGGCCAGCAGGTGATCC	1	1	0	0
TAGAAGCGCTTGAATTCGTTGATGGCGTTGA	1	1	0	0
GCTTCATCGAGTTATGCACCAAGAGCATTAA	1	0	0	0
ACTGCTCGGTGAACGCGGCGAGGGTCAGTTG	1	1	0	0
TCCGCTGGCCGCCGCCATGCCGGCCGGAGCA	1	1	0	0
CAGTTGCCCGCGCTTTCCTTATTAATAGGCA	1	1	0	0
TCGATCTTCGCCTGCTCAGCCTTCTTCATCA	1	1	0	0
ACAACCCGCTGTTCCTCTACGGTGGCGTCGG	1	1	0	0
CACGCACTGCTGCCAAAGTTCCACGGACACG	1	1	0	0
CTTTTCTGTGCATAACTCGATGAAGCCCAGC	1	1	0	0
AACAAATAGAAGAGACCGGCGATTCTAGTGA	0	0	1	1
AGACCGGCGATTCTAGTGAAATCGAAAATAA	0	0	1	1
CGATTCTAGTGAAATCGAACGGGCAGGTCAA	1	1	0	0
ATTTCAGCCGCTCTTCCAGGCCTTCGATTTC	1	1	0	0
GCCGGTCTCTTTATTATTTTCGATTTCACTA	0	0	1	1
CTTCTTCATCAGGATCGCCACCCGGGTTTCC	1	1	0	0
CGACACGCTGGGAGCCGTCGTCACTGGCGGC	1	1	0	0
TAACCGTTTCTATCCTTTAAAAGAAAAATGA	1	1	0	0
GAGCCACGTGGGTCTGCGATGGGACGATGGC	1	1	0	0
CTGGACTTTGTGGATAACCCTTGCTTTGAAG	1	1	0	0
ATCAACGAATTCAAGCGCTTCTACCGCTCGG	1	1	0	0
CTTCACCATGTCCGCGACGAAACGTTCCGAA	1	1	0	0
ACCGTCCGTCGGCCTGCCTGCTTTTATTAAG	1	1	0	0
ACGGTTGGGTGCATACACACGCAATTCGTCG	1	1	0	0
ACACCACGGTGTTGCACGCCTGTCGTAAGAT	1	0	0	0
AAGGAGCGCTCCCAGGAGGAGTTCTTCCACA	1	1	0	0
CGGTCTCTTTATTATTTTCGATTTCACTAGA	0	0	1	1
TATCGGCCGCGCCCGTGGTAGTGCCACGTGA	1	1	0	0
ACCTGGACGTTGCGCTCGGTGCGCACCGCAG	1	1	0	0
CATCAACGAATTCAAGCGCTTCTACCGCTCG	1	1	0	0
GCCGTGTGGAAAAAACCGCTGTGGATAACCA	1	1	0	0
ACCGGCTGCACTGGCGCCGGCGGCGGAGCAA	1	1	0	0
AGAACCCGAACGCCAAGGTGGTCTACCTGCA	1	1	0	0
CCTTCTTCATCGCCCAGCGCATCCGTTCCAA	1	1	0	0
GGGAATCCGACGCGGATATCCGCGAGGACTA	1	0	0	0
AGCAAGGGTTATCCACAAAGTCCAGGACGAC	1	1	0	0
GATAGAAACGGTTAATGCTCTTGGTGCATAA	1	0	0	0
CGTTTCGTCGCGGACATGGTGAAGGCCTTGC	1	1	0	0
AAATTAAAGAGACCGGCGATTCTAGTGAAAT	0	0	1	1
AGTCCAACCAGTTGGCCCGCGCCGCCGCCTG	1	1	0	0
CAAAGATTGGAAAGGCGGCACAACGAAATAA	1	1	0	0
AGAGACCGGCGATTCTAGTGAAATCGAAAAA	0	0	1	1
CCCTATGAGCCGGAAGAACCCAGCATCGATC	1	1	0	0
AAAGCAAGGGTTATCCACAAAGTCCAGGACG	1	1	0	0
TCCAGTTCTTCGCCCGTAAGGAGCGCTCCCA	1	1	0	0
AGAGCTGCCGCCAGTGACGACGGCTCCCAGC	1	1	0	0
CGTAAGATCGCTCAACTTAGGGAATCCGACG	1	0	0	0
GAAGAGACCGGCGATTCTAGTGAAATCGAAC	0	0	1	1
CTGCCAAAGTTCCACGGACACGGATATCCCC	1	1	0	0
CCACGTGGCTCCCCCGCCTCCGGTTGCTCCG	1	1	0	0
CAAGCTGGTCAGCATCGACAACATCCAGCGC	1	1	0	0
ATCACACCACGGTGTTGCACGCCTGTCGTAA	1	0	0	0
ATTCGGAACGTTTCGTCGCGGACATGGTGAA	1	1	0	0
AGTCGCTGAAGGACCTGTTGGCCCTTCAGGA	1	1	0	0
GCGGGCAACTGACCCTCGCCGCGTTCACCGA	1	1	0	0
AGGTGGCGGACAACCTCAAGCACGGCTACAA	1	1	0	0
CTATTAATAAGGAAAGCGCGGGCAACTGACC	1	1	0	0
CGGTCTCTCTTTTTCGTTCGATTTCACTAGA	0	0	1	1
ATATATATTTAAAGGATAGAAACGGTTAATG	1	0	0	0
AAATAAGCGCCTATTGTAGCCGGACGGGCCG	1	1	0	0
AGGTTGTCCGCCACCTGCCAGGCGGCGGCGC	1	1	0	0
CCTGGCGCGGGCGCGCCACCGAGCGCGAACG	1	0	0	0
GACCGGCGATTCTAGTGAAATCGAAAAATTA	0	0	1	1
CGCTTTTCTGTGCATAACTCGATGAAGCCCA	1	1	0	0
GTGCGCACCGCAGGCGCTGCTCCGGCCGGCA	1	1	0	0
GAGCCGCCGGAACTGGAAACCCGGGTGGCGA	1	1	0	0
CGAGTTATGCACCAAGAGCATTAACCGTTTC	1	0	0	0
AATCGCCGGTCTCTTTGTATTTTTCGATTTC	0	0	1	1
AAAAATGACTTCCTTGTATCTATACGTCATC	0	1	0	0
ACGGCCACCGTCAGGCCCCAGCCGAAGCGGG	1	1	0	0
CGATCAACAGTGCGTCCACCGAGCGGTAGAA	1	1	0	0
CCGATACCGGCTGCACTGGCGCCGGCGGCGG	1	1	0	0
ATCGAGTTATGCACAGAAAAGCGCCGTCCCA	1	1	0	0
AGGTGGCCATGGCGCTCTCCAAGGAGCTGAC	1	0	0	0
ATCCCGACCGCCGAAGGCCACGCCGATCTCC	1	0	0	0
AATTGCTGGGCTTCATCGAGTTATGCACAGA	1	1	0	0
ACTAGAATCGCCGGTCTCTTTAATTTTTCGA	0	0	1	1
CCGGCGATTCTAGTGAAATCGAAAATAATAA	0	0	1	1
ACCACGGGCGCGGCCGATACCGGCTGCACTG	1	1	0	0
CTACGGTGGCGTCGGTCTGGGCAAGACCCAC	1	1	0	0
ATAGATACAAGGAAGTCATTTTTCTTATATA	1	0	0	0
CGGCGGCTCGACGGCCACCGTCAGGCCCCAG	1	1	0	0
AATTGCTGGGCTTCATCGAGTTATGCACCAA	1	0	0	0
GGTCAATTTCCAACCAGCGATGACGTATAGA	0	1	0	0
CGGTCGGCTTCTGGAACTGCTCGGTGAACGC	1	1	0	0
ACAAGGAAGTCATTTTTCTTATATATTATAT	1	0	0	0
ACGACAGGCGTGCAACACCGTGGTGTGATCC	1	0	0	0
CCGGTTCTCGACAACCTTTTGCCTGCCGGAG	1	1	0	0
CCAGCGATGACGTATAGATACAAGGAAGTCA	0	1	0	0
GAAGGAAACAGCCTCGTCTCGACAACCTTCA	1	0	0	0
AGCTGGTGTGCTTCAGCGCACCTTCGACCTG	1	1	0	0
GAGACGAGGCTGTTTCCTTCCTGAGCGAAGC	1	0	0	0
TCGAGACGAGGCTGTTTCCTTCCTGAGCGAA	1	0	0	0
AGTGAAATCGAACGAAAAAGAGAGACCGGCG	0	0	1	1
GGCTTCGCTCAGGAAGGAAACAGCCTCGACA	1	1	0	0
CACAGAAAAGCGCCGTCCCAAGAGCATTAAC	1	1	0	0
GGGGGAGCCACGTGGGTCTGCGATGGGACGA	1	1	0	0
AGAAGGGCATTGAAGGTGTGGAAGAACTCCT	1	1	0	0
CATTGAAGGTGTGGAAGAACTCCTCCTGGGA	1	1	0	0
CTGTTCCTCTACGGTGGCGTCGGTCTGGGCA	1	1	0	0
AACCACCTGCTGAAGAAGAACCCGAACGCCA	1	1	0	0
ACCGAGCGGTAGAAGCGCTTGAATTCGTTGA	1	1	0	0
CCAGCAATTGCGTGTTTCTCCGGCAGGCAAA	1	1	0	0
CAGCCTGCCGGAGATCGGCGTGGCCTTCGGC	1	0	0	0
AGGTGATCCTCACCAGCGACCGCTATCCGAA	1	1	0	0
GGAAACAGCCTCGACACCGGTTCTCGACAAC	1	1	0	0
ATCATTGCCTGCCGGAGAAACACGCAATTGC	1	0	0	0
ACATCCCTGCGCACAGCCGTGTGGAAAAAAC	1	1	0	0
GCGGTTTTTTCCACACGGCTGTGCGCAGGGA	1	1	0	0
AACCTCAAGCACGGCTACAACCCGCTGTTCC	1	1	0	0
CCAGCATCGATCCGCTGGCCGCCGCCATGCC	1	1	0	0
CGATCCCTATGAGCCGGAAGAACCCAGCATC	1	1	0	0
CCGCGACGAAACGTTCCGAATGCAGGTAGAC	1	1	0	0
ACGGCAGCTCATCGCGGAGAAGATCCACGCA	1	0	0	0
TCCAGAAGCCGACCGAGGTATTTCTCGTTCA	1	1	0	0
GCGCCATGGCCACCTGGCGCGGGCGCGCCAC	1	0	0	0
GCCGGCCCATGAAGTGCGAGTGGGCTATCAC	1	1	0	0
ACCTTCGAGAACTTTGTCGAGGGCAAGTCCA	1	1	0	0
TGGAAGGTGCGCTGAAGCGGGTGATAGCCCA	1	1	0	0
CCCAACCGTTTCGTCCTCGATTGGGTGAACG	1	1	0	0
GCCGGAAGAACCCAGCATCGATCCGCTGGCC	1	1	0	0
AACGGATGCGCTGGGCGATGAAGAAGGCCGC	1	1	0	0
GTGCGAGTGGGCTATCACCCGCTTCAGCGCA	1	1	0	0
AAGCACGGCTACAACCCGCTGTTCCTCTACG	1	1	0	0
CCAGCGCACCGTCGCCGAGTACTACAAGATC	1	1	0	0
CGAAGGCCTGGAAGAGCGGCTGAAATCCCGC	1	1	0	0
CGGTCTCTTCTATTTGTTCGATTTCACTAGA	0	0	1	1
AATCGCCGGTCTCTCTTTTTCGTTCGATTTC	0	0	1	1
CAGCCGTGTGGAAAAAACCGCTGTGGATAAC	1	1	0	0
CCTTTCCAATCTTTGGGGGATATCCGTGTCC	1	1	0	0
CGCCGCCGCCTGGCAGGTGGCGGACAACCTC	1	1	0	0
CGACGGCTCCCAGCGTGTCGAGCGATCCCTA	1	1	0	0
AACCTTCATCATCATTGCCTGCCGGAGAAAC	1	0	0	0
CCGCGCCGCCGCCTGGCAGGTGGCGGACAAC	1	1	0	0
CGAGGGCAAGTCCAACCAGTTGGCCCGCGCC	1	1	0	0
CGGCAGCTCATCGCGGAGAAGATCCACGCAC	1	0	0	0
CCGGGTTTCCAGTTCCGGCGGCTCGACGGCC	1	1	0	0
CTTCATCGAGTTATGCACCAAGAGCATTAAC	1	0	0	0
ACGGCTGTGCGCAGGGATGTACCCCCTTCAA	1	1	0	0
GACAACCTTCATCATCATTGCCTGCCGGAGA	1	0	0	0
CAAGGAGCTGACCAACCACAGCCTGCCGGAG	1	0	0	0
ACGGGCAGGTCAATTTCCAACCAGCGATGAT	1	0	0	0
AACGAGAAATACCTCGGTCGGCTTCTGGAAC	1	1	0	0
AGAACCCAGCATCGATCCGCTGGCCGCCGCC	1	1	0	0
AAGCGCCGTCCCAAGAGCATTAACCGTTTCT	1	1	0	0
GGAAATCGAAGGCCTGGAAGAGCGGCTGAAA	1	1	0	0
GCGACGAAACGTTCCGAATGCAGGTAGACCA	1	1	0	0
CGTCGCGGACATGGTGAAGGCCTTGCAGCTC	1	1	0	0
AGTGACGACGGCTCCCAGCGTGTCGAGCGAT	1	1	0	0
CGAGCGCGAACGCCGCTTGGACAACAGATCG	1	0	0	0
GCGCCCGCGCCAGGTGGCCATGGCGCTCTCC	1	0	0	0
AATTCAACACCTGGATCCGTCCCTTGCAGGT	1	1	0	0
CGAATTGCGTGTGTATGCACCCAACCGTTTC	1	1	0	0
AAGACCCACCTGATGCATGCGGTGGGCAACC	1	1	0	0
GCCACCCGGGTTTCCAGTTCCGGCGGCTCGA	1	1	0	0
GTACATCCCTGCGCACAGCCGTGTGGAAAAA	1	1	0	0
ATACCGGCTGCACTGGCGCCGGCGGCGGAGC	1	1	0	0
ACTGCTGCCAAAGTTCCACGGACACGGATAT	1	1	0	0
GATAAGTCCGGCCCGTCCGGCTACAATAGGC	1	1	0	0
AGACCACCTTGGCGTTCGGGTTCTTCTTCAG	1	1	0	0
AGAGGAACAGCGGGTTGTAGCCGTGCTTGAG	1	1	0	0
GGTGGCCGTCGAGCCGCCGGAACTGGAAACC	1	1	0	0
CGATTTCACTAGAATCGCCGGTCTCTTTAAA	1	1	1	1
CAGGCTGTGGTTGGTCAGCTCCTTGGAGAGC	1	0	0	0
ACGCCACCGTAGAGGAACAGCGGGTTGTAGC	1	1	0	0
GAAGCCGACCGAGGTATTTCTCGTTCACCCA	1	1	0	0
CGGGTGATAGCCCACTCGCACTTCATGGGCC	1	1	0	0
ACCGGCGATTCTAGTGAAATCGAACGAAAAA	0	0	1	1
GTACCCCCTTCAAAGCAAGGGTTATCCACAA	1	1	0	0
TGTACCCCCTTCAAAGCAAGGGTTATCCACA	1	1	0	0
TCCAGTTCCGGCGGCTCGACGGCCACCGTCA	1	1	0	0
AGACCGGCGATTCTAGTGAAATCGAACGGAA	0	0	1	1
CCACAGCCTGCCGGAGATCGGCGTGGCCTTC	1	0	0	0
ACGCAATTGCTGGGCTTCATCGAGTTATGCA	1	1	0	0
CCTGGATCCGTCCCTTGCAGGTCGAAGCCGA	1	1	0	0
GCGGTGGGCAACCACCTGCTGAAGAAGAACC	1	1	0	0
AACTCCTCCTGGGAGCGCTCCTTACGGGCGA	1	1	0	0
CAGTGACGACGGCTCCCAGCGTGTCGAGCGA	1	1	0	0
CCACCGAGCGCGAACGCCGCTTGGACAACAG	1	0	0	0
ATCGAGCTGCCGCACGATGCGGCCTTCTTCA	1	1	0	0
GCCGACGGACGGTCGTCCTGGACTTTGTGGA	1	1	0	0
CGATTCTAGTGAAATCGAAAAATTAAAGAGA	0	0	1	1
AGCGGTTTTTTCCACACGGCTGTGCGCAGGG	1	1	0	0
AAGCCCAGCAATTGCGTGTTTCTCCGGCAGG	1	1	0	0
CTACAAGATCAAGATATCCGATCTGTTGTCC	1	1	0	0
AGGTGAAGGTACGGTTGAGATAGCTGGTGTG	1	1	0	0
AGATCCACGCACTGCTGCCAAAGTTCCACGG	1	0	0	0
TCATCCCCAGGCTTCGCTCAGGAAGGAAACA	1	1	0	0
AACCAGCGATGATAGATACAAGGAAGTCATT	1	0	0	0
CAATCTTTGGGGGATATCCGTGTCCGTGGAA	1	1	0	0
CATCGGCATGTGGATAAGTCCGGCCCGTCCG	1	1	0	0
ACACCGGTTCTCGACAACCTTTTGCCTGCCG	1	1	0	0
AGGCTGTGGTTGGTCAGCTCCTTGGAGAGCG	1	0	0	0
TACATCCCTGCGCACAGCCGTGTGGAAAAAA	1	1	0	0
CCCAAGAGCATTAACCGTTTCTATCCTTTAA	1	1	0	0
CGGAACGTTTCGTCGCGGACATGGTGAAGGC	1	1	0	0
CAAGCACGGCTACAACCCGCTGTTCCTCTAC	1	1	0	0
CCGGTCTCTTTAATTTTTCGATTTCACTAGA	0	0	1	1
AAATCCCGCTTCGGCTGGGGCCTGACGGTGG	1	1	0	0
AAATCGAACAAATAGAAGAGACCGGCGATTC	0	0	1	1
CCGATCTGTTGTCCAAGCGGCGTTCGCGCTC	1	0	0	0
GATCTTCTCCGCGATGAGCTGCCGTCCCAAC	1	0	0	0
ATGTTGTCGATGCTGACCAGCTTGTCCTGAA	1	1	0	0
CACGTGAAGAGCTGCCGCCAGTGACGACGGC	1	1	0	0
CTGCCGGAGAAACACGCAATTGCTGGGCTTC	1	1	0	0
CATCCCTGCGCACAGCCGTGTGGAAAAAACC	1	1	0	0
CTTACGACAGGCGTGCAACACCGTGGTGTGA	1	0	0	0
AAGGCGGCACAACGAAATAAGCGCCTATTGT	1	1	0	0
AAGCGGGTGATAGCCCACTCGCACTTCATGG	1	1	0	0
CGGGATTTCAGCCGCTCTTCCAGGCCTTCGA	1	1	0	0
CTTATATATTATATATATTTAAAGGATAGAA	1	0	0	0
ACCTCAAGCACGGCTACAACCCGCTGTTCCT	1	1	0	0
AGCAAGCGTAGCCGTACGCCGCGCGCCGCCA	1	1	0	0
ATCCACGCACTGCTGCCAAAGTTCCACGGAC	1	0	0	0
CACCCGGGTTTCCAGTTCCGGCGGCTCGACG	1	1	0	0
GCGGATCGATGCTGGGTTCTTCCGGCTCATA	1	1	0	0
CAGGTCAATTTCCAACCAGCGATGACGTATA	0	1	0	0
ATCGGATATCTTGATCTTGTAGTACTCGGCG	1	1	0	0
TCCCTTGCAGGTCGAAGCCGAAGGCGACGAA	1	1	0	0
TAGAATCGCCGGTCTCCACACACAATTTAAA	1	0	0	0
AACGCGGCGAGGGTCAGTTGCCCGCGCTTTC	1	1	0	0
CCAACAGGTCCTTCAGCGACTCGCGAATCAG	1	1	0	0
TAGACCACCTTGGCGTTCGGGTTCTTCTTCA	1	1	0	0
GGACTTATCCACATGCCGATGCGCTGAGGCC	1	1	0	0
CGCCAGGTGGCCATGGCGCTCTCCAAGGAGC	1	0	0	0
ACCCGGGTGGCGATCCTGATGAAGAAGGCTG	1	1	0	0
ACCGCTCGGTGGACGCACTGTTGATCGACGA	1	1	0	0
CGCGGGCAACTGACCCTCGCCGCGTTCACCG	1	1	0	0
TGGATCTTCTCCGCGATGAGCTGCCGTCCCA	1	0	0	0
AACGAAATAAGCGCCTATTGTAGCCGGACGG	1	1	0	0
ATTTCCAACCAGCGATGACGTATAGATACAA	0	1	0	0
AAGATCCACGCACTGCTGCCAAAGTTCCACG	1	0	0	0
AACCACAGCCTGCCGGAGATCGGCGTGGCCT	1	0	0	0
GCAATTGCTGGGCTTCATCGAGTTATGCACC	1	0	0	0
GCGCTGAAGCACACCAGCTATCTCAACCGTA	1	1	0	0
AAGCGTAGCCGTACGCCGCGCGCCGCCATCG	1	1	0	0
CGGCGATTCTAGTGAAATCGAAAAATTAAAG	0	0	1	1
GGCAGGCAATGATGATGAAGGTTGTCGAGAC	1	0	0	0
ACCGGCGATTCTAGTGAAATCGAACGGAAAA	0	0	1	1
CGCGCCACCGAGCGCGAACGCCGCTTGGACA	1	0	0	0
ACGGACACGGATATCCCCCAAAGATTGGAAA	1	1	0	0
CGAGAACTTTGTCGAGGGCAAGTCCAACCAG	1	1	0	0
CGGCTGCACTGGCGCCGGCGGCGGAGCAACC	1	1	0	0
CAGGATCGCCACCCGGGTTTCCAGTTCCGGC	1	1	0	0
CACCCAATCGAGGACGAAACGGTTGGGTGCA	1	1	0	0
AGCCTCGACACCGGTTCTCGACAACCTTTTG	1	1	0	0
ACGTCCAGGTCGAAGGTGCGCTGAAGCACAC	1	1	0	0
CGTGTTTCTCCGGCAGGCAAAAGGTTGTCGA	1	1	0	0
CCAGGCCTTCGATTTCCTTCGGATAGCGGTC	1	1	0	0
CATGCGGTGGGCAACCACCTGCTGAAGAAGA	1	1	0	0
GACCTGTTGGCCCTTCAGGACAAGCTGGTCA	1	1	0	0
AGATATCCGATCTGTTGTCCAAGCGGCGTTC	1	0	0	0
AGACCGGCGATTCTAGTGAAATCGAAAAATA	0	0	1	1
CCGTCGCCGAGTACTACAAGATCAAGATATC	1	1	0	0
CGCTATCCGAAGGAAATCGAAGGCCTGGAAG	1	1	0	0
CTGCTGGCCGCCTTCGAGAAGGGCATTGAAG	1	1	0	0
AGGGACGGATCCAGGTGTTGAATTGTTGGGA	1	1	0	0
ACCTTCACCTTCGAGAACTTTGTCGAGGGCA	1	1	0	0
GCGGCGTACGGCTACGCTTGCTGCCTATTAA	1	1	0	0
AATCGAAAAATACAAAGAGACCGGCGATTCT	0	0	1	1
TCGATGCTGACCAGCTTGTCCTGAAGGGCCA	1	1	0	0
CTTCACCTTCGAGAACTTTGTCGAGGGCAAG	1	1	0	0
AAGGGTTATCCACAAAGTCCAGGACGACCGT	1	1	0	0
AGTGAAATCGAACGGGCAGGTCAATTTCCAA	1	1	0	0
ATTCAACACCTGGATCCGTCCCTTGCAGGTC	1	1	0	0
CTACAATAGGCGCTTATTTCGTTGTGCCGCC	1	1	0	0
CTTCGGCTTCGACCTGCAAGGGACGGATCCA	1	1	0	0
CGACGGCCACCGTCAGGCCCCAGCCGAAGCG	1	1	0	0
TCGAGCGATCCCTATGAGCCGGAAGAACCCA	1	1	0	0
AGCCTGGGGATGAACGAGATGGTTATCCACA	1	1	0	0
CACATGCCGATGCGCTGAGGCCCCAAGCAAA	1	1	0	0
CGAACTGGAAGGTGCGCTGAAGCGGGTGATA	1	1	0	0
TCGGCGGTCGGGATCACACCACGGTGTTGCA	1	0	0	0
TGACCCTCGCCGCGTTCACCGAGCAGTTCCA	1	1	0	0
CAGGCGTGCAACACCGTGGTGTGATCCCGAC	1	0	0	0
ACAAAGTCCAGGACGACCGTCCGTCGGCCTG	1	1	0	0
AATCGAAAATAATAAAGAGACCGGCGATTCT	0	0	1	1
AACAGCCTCGTCTCGACAACCTTCATCATCA	1	0	0	0
GATGACGTAATAGATAGATACAAGGAAGTCA	1	0	0	0
CATCCCCAGGCTTCGCTCAGGAAGGAAACAG	1	1	0	0
ATGACGTATAGATACAAGGAAGTCATTTTTC	0	1	0	0
AGGGTTATCCACAAAGTCCAGGACGACCGTC	1	1	0	0
ACGGATCCAGGTGTTGAATTGTTGGGACGGC	1	1	0	0
CCACCTTGGCGTTCGGGTTCTTCTTCAGCAG	1	1	0	0
ATCGAACGAAAAAGAGAGACCGGCGATTCTA	0	0	1	1
GGATCTTCTCCGCGATGAGCTGCCGTCCCAA	1	0	0	0
CCGTCAGGCCCCAGCCGAAGCGGGATTTCAG	1	1	0	0
CAAGTCCAACCAGTTGGCCCGCGCCGCCGCC	1	1	0	0
CTCATCGCGGAGAAGATCCACGCACTGCTGC	1	0	0	0
GCGTGTCGAGCGATCCCTATGAGCCGGAAGA	1	1	0	0
ACAACGAAATAAGCGCCTATTGTAGCCGGAC	1	1	0	0
GGAAGAACCCAGCATCGATCCGCTGGCCGCC	1	1	0	0
ACAACAGATCGGATATCTTGATCTTGTAGTA	1	1	0	0
GCAATGATGATGAAGGTTGTCGAGACGAGGC	1	0	0	0
CATCGACAACATCCAGCGCACCGTCGCCGAG	1	1	0	0
ACCGTTTCTATCCTTTAAAAGAAAAATGACT	1	1	0	0
CGATTCTAGTGAAATCGAACAAATAGAAGAG	0	0	1	1
CGGCAGGCTGTGGTTGGTCAGCTCCTTGGAG	1	0	0	0
AGGCGCTTATTTCGTTGTGCCGCCTTTCCAA	1	1	0	0
CACGCCGATCTCCGGCAGGCTGTGGTTGGTC	1	0	0	0
TCGCGGACATGGTGAAGGCCTTGCAGCTCAA	1	1	0	0
TCTCGACAACCTTTTGCCTGCCGGAGAAACA	1	1	0	0
GGTCTCTCTTTTTCGTTCGATTTCACTAGAA	0	0	1	1
CTCAGCGCATCGGCATGTGGATAAGTCCGGC	1	1	0	0
AAAAATTAAAGAGACCGGCGATTCTAGTGAA	0	0	1	1
CATACACACGCAATTCGTCGCCTTCGGCTTC	1	1	0	0
ATGGTGAAGGCCTTGCAGCTCAACGCCATCA	1	1	0	0
ATCACCATCGAGCTGATTCGCGAGTCGCTGA	1	1	0	0
CACAGCCGTGTGGAAAAAACCGCTGTGGATA	1	1	0	0
CGGCGATTCTAGTGAAATCGAACAAATAGAA	0	0	1	1
CATTTTTCTTATATATTATATATATTTAAAG	1	0	0	0
GCGGGGGAGCCACGTGGGTCTGCGATGGGAC	1	1	0	0
GGTGGCGGACAACCTCAAGCACGGCTACAAC	1	1	0	0
CCGGCTACAATAGGCGCTTATTTCGTTGTGC	1	1	0	0
CGCCTGCGGTGCGCACCGAGCGCAACGTCCA	1	1	0	0
AGGCCGACGGACGGTCGTCCTGGACTTTGTG	1	1	0	0
ACCAGCTATCTCAACCGTACCTTCACCTTCG	1	1	0	0
CCAGCGATGACGTAATAGATAGATACAAGGA	1	0	0	0
ACGGTGGCCGTCGAGCCGCCGGAACTGGAAA	1	1	0	0
AGAGCATTAACCGTTTCTATCCTTTAAATAT	1	0	0	0
CTCCCCCGCCTCCGGTTGCTCCGCCGCCGGC	1	1	0	0
CCACGGGCGCGGCCGATACCGGCTGCACTGG	1	1	0	0
AATGCTCTTGGTGCATAACTCGATGAAGCCC	1	0	0	0
AGTTCTTCGCCCGTAAGGAGCGCTCCCAGGA	1	1	0	0
AACAGATCGGATATCTTGATCTTGTAGTACT	1	1	0	0
CTCGGTGCGCACCGCAGGCGCTGCTCCGGCC	1	1	0	0
CACAGCCTGCCGGAGATCGGCGTGGCCTTCG	1	0	0	0
CGCAATTGCTGGGCTTCATCGAGTTATGCAC	1	1	0	0
GGCAGGTCAATTTCCAACCAGCGATGATAGA	1	0	0	0
ATAAAGAGACCGGCGATTCTAGTGAAATCGA	0	0	1	1
ACCCTTGCTTTGAAGGGGGTACATCCCTGCG	1	1	0	0
ATCCCTATGAGCCGGAAGAACCCAGCATCGA	1	1	0	0
CTGCCGGAGATCGGCGTGGCCTTCGGCGGTC	1	0	0	0
CAGGGATGTACCCCCTTCAAAGCAAGGGTTA	1	1	0	0
TACTCGGCGACGGTGCGCTGGATGTTGTCGA	1	1	0	0
CCTTGCTTTGAAGGGGGTACATCCCTGCGCA	1	1	0	0
GAGACCGGCGATTCTAGTGAAATCGAACGAA	0	0	1	1
GCGCGGGCCAACTGGTTGGACTTGCCCTCGA	1	1	0	0
CACCAGCGACCGCTATCCGAAGGAAATCGAA	1	1	0	0
AAGCCGAAGGCGACGAATTGCGTGTGTATGC	1	1	0	0
CCATGTCCGCGACGAAACGTTCCGAATGCAG	1	1	0	0
GCCACCGAGCGCGAACGCCGCTTGGACAACA	1	0	0	0
GCGCTCTCCAAGGAGCTGACCAACCACAGCC	1	0	0	0
CGGCCGGAGCAGCGCCTGCGGTGCGCACCGA	1	1	0	0
AGACCCACCTGATGCATGCGGTGGGCAACCA	1	1	0	0
AAAATGACTTCCTTGTATCTATCATCGCTGG	1	0	0	0
GGGGGTACATCCCTGCGCACAGCCGTGTGGA	1	1	0	0
GATCACACCACGGTGTTGCACGCCTGTCGTA	1	0	0	0
ACCTGCATTCGGAACGTTTCGTCGCGGACAT	1	1	0	0
ATAGGGATCGCTCGACACGCTGGGAGCCGTC	1	1	0	0
CCTCGACAAAGTTCTCGAAGGTGAAGGTACG	1	1	0	0
CAGCTCATCGCGGAGAAGATCCACGCACTGC	1	0	0	0
AGACGAGGCTGTTTCCTTCCTGAGCGAAGCC	1	0	0	0
ACCCGCTTCAGCGCACCTTCCAGTTCGCGCA	1	1	0	0
CGTACGGCTACGCTTGCTGCCTATTAATAAG	1	1	0	0
AGACCTTAATAAAAGCAGGCAGGCCGACGGA	1	1	0	0
CACTGTTGATCGACGACATCCAGTTCTTCGC	1	1	0	0
AGGATAGAAACGGTTAATGCTCTTGGTGCAT	1	0	0	0
CCGCTATCCGAAGGAAATCGAAGGCCTGGAA	1	1	0	0
CTTGATCTTGTAGTACTCGGCGACGGTGCGC	1	1	0	0
CTGAAGGACCTGTTGGCCCTTCAGGACAAGC	1	1	0	0
ACCTTTTGCCTGCCGGAGAAACACGCAATTG	1	1	0	0
ATTTCACTAGAATCGCCGGTCTCTCTTTTTC	0	0	1	1
CAACCAGCGATGACGTATAGATACAAGGAAG	0	1	0	0
CGGTGCGCACCGAGCGCAACGTCCAGGTCGA	1	1	0	0
TCGATTTCACTAGAATCGCCGGTCTCTTTAA	1	1	1	1
AGCGGGTGATAGCCCACTCGCACTTCATGGG	1	1	0	0
AATGACTTCCTTGTATCTATACGTCATCGCT	0	1	0	0
CATCGCGGAGAAGATCCACGCACTGCTGCCA	1	0	0	0
GGTTAATGCTCTTGGTGCATAACTCGATGAA	1	0	0	0
AGCTCGATCTTCGCCTGCTCAGCCTTCTTCA	1	1	0	0
CCGGTTGCTCCGCCGCCGGCGCCAGTGCAGC	1	1	0	0
GTGAAATCGAAAATAATAAAGAGACCGGCGA	0	0	1	1
AGCAACCGGAGGCGGGGGAGCCACGTGGGTC	1	1	0	0
AAATCAAGACCTTAATAAAAGCAGGCAGGCC	1	1	0	0
ATTGACCTGCCCGTTCGATTTCACTAGAATC	1	1	0	0
AGGCGTGCAACACCGTGGTGTGATCCCGACC	1	0	0	0
CGAAGGCGGCCAGCAGGTGATCCTCACCAGC	1	1	0	0
AAGTTCCACGGACACGGATATCCCCCAAAGA	1	1	0	0
ATGAAGTGCGAGTGGGCTATCACCCGCTTCA	1	1	0	0
GCACCTTCCAGTTCGCGCACGTTGGAACGGA	1	1	0	0
AGGTCAATTTCCAACCAGCGATGACGTATAG	0	1	0	0
ACCGACGCCACCGTAGAGGAACAGCGGGTTG	1	1	0	0
ATAGGCAGCAAGCGTAGCCGTACGCCGCGCG	1	1	0	0
AATTTCCAACCAGCGATGACGTATAGATACA	0	1	0	0
AAATGACTTCCTTGTATCTATACGTCATCGC	0	1	0	0
ATGCGGCCTTCTTCATCGCCCAGCGCATCCG	1	1	0	0
AACGGTTGGGTGCATACACACGCAATTCGTC	1	1	0	0
ACGGTGCGCTGGATGTTGTCGATGCTGACCA	1	1	0	0
AGCAGGCGAAGATCGAGCTGCCGCACGATGC	1	1	0	0
ATCTATTACGTCATCGCTGGTTGGAAATTGA	1	0	0	0
AGCCGGAAGAACCCAGCATCGATCCGCTGGC	1	1	0	0
CATGTGGATAAGTCCGGCCCGTCCGGCTACA	1	1	0	0
CCTTGTATCTATACGTCATCGCTGGTTGGAA	0	1	0	0
AGATAGCTGGTGTGCTTCAGCGCACCTTCGA	1	1	0	0
ATTGTTGGGACGGCAGCTCATCGCGGAGAAG	1	0	0	0
GACACGCTGGGAGCCGTCGTCACTGGCGGCA	1	1	0	0
CGCACAGCCGTGTGGAAAAAACCGCTGTGGA	1	1	0	0
CAGGCAAAAGGTTGTCGAGAACCGGTGTCGA	1	1	0	0
ACCTGCCCGTTCGATTTCACTAGAATCGCCG	1	1	0	0
CGATTCTAGTGAAATCGAAAATAATAAAGAG	0	0	1	1
ATGGTTATCCACAGCGGTTTTTTCCACACGG	1	1	0	0
GGTATTTCTCGTTCACCCAATCGAGGACGAA	1	1	0	0
AACTTAGGGAATCCGACGCGGATATCCGCGA	1	0	0	0
CCCCAAAGATTGGAAAGGCGGCACAACGAAA	1	1	0	0
CATGGCGCTCTCCAAGGAGCTGACCAACCAC	1	0	0	0
CCGCCGCCATGCCGGCCGGAGCAGCGCCTGC	1	1	0	0
CCTCGGTCGGCTTCTGGAACTGCTCGGTGAA	1	1	0	0
CCTTCTCGAAGGCGGCCAGCAGGTGATCCTC	1	1	0	0
CCCAGCCGAAGCGGGATTTCAGCCGCTCTTC	1	1	0	0
GAATTGTTGGGACGGCAGCTCATCGCGGAGA	1	0	0	0
CGTCGATCAACAGTGCGTCCACCGAGCGGTA	1	1	0	0
ATGCTCTTGGTGCATAACTCGATGAAGCCCA	1	0	0	0
TCATCATCATTGCCTGCCGGAGAAACACGCA	1	0	0	0
AAGCGCCTATTGTAGCCGGACGGGCCGGACT	1	1	0	0
CGTCCCTTGCAGGTCGAAGCCGAAGGCGACG	1	1	0	0
GCGCCTGCGGTGCGCACCGAGCGCAACGTCC	1	1	0	0
GTGAGGATCACCTGCTGGCCGCCTTCGAGAA	1	1	0	0
ATCTATCATCGCTGGTTGGAAATTGACCTGC	1	0	0	0
AACCTTTTGCCTGCCGGAGAAACACGCAATT	1	1	0	0
CGCCGTCCCAAGAGCATTAACCGTTTCTATC	1	1	0	0
ACTCCTCCTGGGAGCGCTCCTTACGGGCGAA	1	1	0	0
TGTTCCTCTACGGTGGCGTCGGTCTGGGCAA	1	1	0	0
AATACAAAGAGACCGGCGATTCTAGTGAAAT	0	0	1	1
CAATTTCCAACCAGCGATGATAGATACAAGG	1	0	0	0
GAAGATCGAGCTGCCGCACGATGCGGCCTTC	1	1	0	0
CGAACGCCAAGGTGGTCTACCTGCATTCGGA	1	1	0	0
CGGATCGATGCTGGGTTCTTCCGGCTCATAG	1	1	0	0
CAGCGCACCTTCGACCTGGACGTTGCGCTCG	1	1	0	0
CGACGCCACCGTAGAGGAACAGCGGGTTGTA	1	1	0	0
CGGGCCAACTGGTTGGACTTGCCCTCGACAA	1	1	0	0
AGCTGCAAGGCCTTCACCATGTCCGCGACGA	1	1	0	0
TCTATCCTTTAAATATATATAATATATAAGA	1	0	0	0
GCGGATATCCGCGTCGGATTCCCTAAGTTGA	1	0	0	0
AGTGCGTGGATCTTCTCCGCGATGAGCTGCC	1	0	0	0
CTGCCGTCCCAACAATTCAACACCTGGATCC	1	1	0	0
AGGAAGGAAACAGCCTCGACACCGGTTCTCG	1	1	0	0
CCGCTTGGACAACAGATCGGATATCTTGATC	1	1	0	0
GCGGGCCAACTGGTTGGACTTGCCCTCGACA	1	1	0	0
AAATTGTGTGTGGAGACCGGCGATTCTAGTG	1	0	0	0
AGCGCGAACGCCGCTTGGACAACAGATCGGA	1	0	0	0
CACTGCTGCCAAAGTTCCACGGACACGGATA	1	1	0	0
ACTCGCACTTCATGGGCCGGCCGATCACCAT	1	1	0	0
CGATGACGTAATAGATAGATACAAGGAAGTC	1	0	0	0
CCCGTGGTAGTGCCACGTGAAGAGCTGCCGC	1	1	0	0
AGATGGTTATCCACAGCGGTTTTTTCCACAC	1	1	0	0
CGGTGGGCAACCACCTGCTGAAGAAGAACCC	1	1	0	0
CGGTTAATGCTCTTGGTGCATAACTCGATGA	1	0	0	0
CCGAACGCCAAGGTGGTCTACCTGCATTCGG	1	1	0	0
GGAGAAACACGCAATTGCTGGGCTTCATCGA	1	1	0	0
AAAAGAGAGACCGGCGATTCTAGTGAAATCG	0	0	1	1
GGAAGGAAACAGCCTCGACACCGGTTCTCGA	1	1	0	0
CTGCTCAGCCTTCTTCATCAGGATCGCCACC	1	1	0	0
ACGGTGTTGCACGCCTGTCGTAAGATCGCTC	1	0	0	0
CAGTTCTTCGCCCGTAAGGAGCGCTCCCAGG	1	1	0	0
GGCAGGTCAATTTCCAACCAGCGATGACGTA	1	1	0	0
GATGTACCCCCTTCAAAGCAAGGGTTATCCA	1	1	0	0
CGCGCCAGGTGGCCATGGCGCTCTCCAAGGA	1	0	0	0
GCCCACCGCATGCATCAGGTGGGTCTTGCCC	1	1	0	0
AACTTTGTCGAGGGCAAGTCCAACCAGTTGG	1	1	0	0
CTTGTATCTATCATCGCTGGTTGGAAATTGA	1	0	0	0
TATCCTTTAAATATATATAATATATAAGAAA	1	0	0	0
CCGGCGATTCTAGTGAAATCGAAAAATTAAA	0	0	1	1
TCCGCGATGAGCTGCCGTCCCAACAATTCAA	1	0	0	0
AAATACCTCGGTCGGCTTCTGGAACTGCTCG	1	1	0	0
GGCCATGGCGCTCTCCAAGGAGCTGACCAAC	1	0	0	0
ATTAACCGTTTCTATCCTTTAAAAGAAAAAT	1	1	0	0
AAGAGCATTAACCGTTTCTATCCTTTAAAAG	1	1	0	0
ACCATCGAGCTGATTCGCGAGTCGCTGAAGG	1	1	0	0
GGCGGCCAGCAGGTGATCCTCACCAGCGACC	1	1	0	0
CGGCCGCGCCCGTGGTAGTGCCACGTGAAGA	1	1	0	0
CGCGACGAAACGTTCCGAATGCAGGTAGACC	1	1	0	0
CTCGCCGCGTTCACCGAGCAGTTCCAGAAGC	1	1	0	0
ACTGGCGCCGGCGGCGGAGCAACCGGAGGCG	1	1	0	0
AAGAAAAATGACTTCCTTGTATCTATACGTC	0	1	0	0
CACTAGAATCGCCGGTCTCTTTAATTTTTCG	0	0	1	1
CGCACCGTCGCCGAGTACTACAAGATCAAGA	1	1	0	0
CAAGATCAAGATATCCGATCTGTTGTCCAAG	1	1	0	0
CCGCGTTCACCGAGCAGTTCCAGAAGCCGAC	1	1	0	0
AAAAAGAGAGACCGGCGATTCTAGTGAAATC	0	0	1	1
GCACCGCAGGCGCTGCTCCGGCCGGCATGGC	1	1	0	0
GTGGAAGAACTCCTCCTGGGAGCGCTCCTTA	1	1	0	0
GGCCCGCGCCGCCGCCTGGCAGGTGGCGGAC	1	1	0	0
AATTTCCAACCAGCGATGACGTAATAGATAG	1	0	0	0
CTCCGGCCGGCATGGCGGCGGCCAGCGGATC	1	1	0	0
ACCGAGCGCGAACGCCGCTTGGACAACAGAT	1	0	0	0
CGTTCATCCCCAGGCTTCGCTCAGGAAGGAA	1	1	0	0
AGCCTCGTCTCGACAACCTTCATCATCATTG	1	0	0	0
GATCGCCACCCGGGTTTCCAGTTCCGGCGGC	1	1	0	0
CGCGGCGTACGGCTACGCTTGCTGCCTATTA	1	1	0	0
GTCCCTTGCAGGTCGAAGCCGAAGGCGACGA	1	1	0	0
CACCTTGGCGTTCGGGTTCTTCTTCAGCAGG	1	1	0	0
AGCAAATCAAGACCTTAATAAAAGCAGGCAG	1	1	0	0
CCGGTCTCTCTTTTTCGTTCGATTTCACTAG	0	0	1	1
ATGGCCACCTGGCGCGGGCGCGCCACCGAGC	1	0	0	0
CGCATCGTGCGGCAGCTCGATCTTCGCCTGC	1	1	0	0
CCCTTCAGGACAAGCTGGTCAGCATCGACAA	1	1	0	0
CGAAGCCTGGGGATGAACGAGATGGTTATCC	1	1	0	0
ACGTGAAGAGCTGCCGCCAGTGACGACGGCT	1	1	0	0
CTGCACTGGCGCCGGCGGCGGAGCAACCGGA	1	1	0	0
AGAAGAGACCGGCGATTCTAGTGAAATCGAA	0	0	1	1
TCGATCAACAGTGCGTCCACCGAGCGGTAGA	1	1	0	0
GTGAAATCGAACGAAAAAGAGAGACCGGCGA	0	0	1	1
CGGCGGAGCAACCGGAGGCGGGGGAGCCACG	1	1	0	0
CGAGCGATCCCTATGAGCCGGAAGAACCCAG	1	1	0	0
GAAGATCCACGCACTGCTGCCAAAGTTCCAC	1	0	0	0
AAATCGAAGGCCTGGAAGAGCGGCTGAAATC	1	1	0	0
ATAGCCCACTCGCACTTCATGGGCCGGCCGA	1	1	0	0
AAACCCGGGTGGCGATCCTGATGAAGAAGGC	1	1	0	0
CCTCAAGCACGGCTACAACCCGCTGTTCCTC	1	1	0	0
CTATCCGAAGGAAATCGAAGGCCTGGAAGAG	1	1	0	0
CCAAGGAGCTGACCAACCACAGCCTGCCGGA	1	0	0	0
ATTTCACTAGAATCGCCGGTCTCCACACACA	1	0	0	0
AGCGCGGGCAACTGACCCTCGCCGCGTTCAC	1	1	0	0
GACGACGGCTCCCAGCGTGTCGAGCGATCCC	1	1	0	0
CGCTTGAATTCGTTGATGGCGTTGAGCTGCA	1	1	0	0
GTCACTGGCGGCAGCTCTTCACGTGGCACTA	1	1	0	0
CACCTGATGCATGCGGTGGGCAACCACCTGC	1	1	0	0
CGCCGATCTCCGGCAGGCTGTGGTTGGTCAG	1	0	0	0
AATTGTGTGTGGAGACCGGCGATTCTAGTGA	1	0	0	0
GCACGATGCGGCCTTCTTCATCGCCCAGCGC	1	1	0	0
GCTTCGGCTGGGGCCTGACGGTGGCCGTCGA	1	1	0	0
CGCATCCGTTCCAACGTGCGCGAACTGGAAG	1	1	0	0
GCTCATAGGGATCGCTCGACACGCTGGGAGC	1	1	0	0
GCATTAACCGTTTCTATCCTTTAAATATATA	1	0	0	0
GTCCGGCCCGTCCGGCTACAATAGGCGCTTA	1	1	0	0
CCGCCTTCGAGAAGGGCATTGAAGGTGTGGA	1	1	0	0
CCAGCGACCGCTATCCGAAGGAAATCGAAGG	1	1	0	0
CAGCTTGTCCTGAAGGGCCAACAGGTCCTTC	1	1	0	0
CTACAACCCGCTGTTCCTCTACGGTGGCGTC	1	1	0	0
AACGAGATGGTTATCCACAGCGGTTTTTTCC	1	1	0	0
AGGCTGAGCAGGCGAAGATCGAGCTGCCGCA	1	1	0	0
CACTAGAATCGCCGGTCTCTTTGTATTTTTC	0	0	1	1
CAGCGGATCGATGCTGGGTTCTTCCGGCTCA	1	1	0	0
ACCCTCGCCGCGTTCACCGAGCAGTTCCAGA	1	1	0	0
CCCAGCATCGATCCGCTGGCCGCCGCCATGC	1	1	0	0
GGACGGTCGTCCTGGACTTTGTGGATAACCC	1	1	0	0
GCGTCGGTCTGGGCAAGACCCACCTGATGCA	1	1	0	0
CGAATTCAAGCGCTTCTACCGCTCGGTGGAC	1	1	0	0
CCCGCTTCAGCGCACCTTCCAGTTCGCGCAC	1	1	0	0
CTTCTACCGCTCGGTGGACGCACTGTTGATC	1	1	0	0
GTGTCGAGCGATCCCTATGAGCCGGAAGAAC	1	1	0	0
CACCCAACCGTTTCGTCCTCGATTGGGTGAA	1	1	0	0
ATGGGCCGGCCGATCACCATCGAGCTGATTC	1	1	0	0
CTAGTGAAATCGAAAAATTAAAGAGACCGGC	0	0	1	1
AGATAGATACAAGGAAGTCATTTTTCTTTTA	1	0	0	0
GATGATAGATACAAGGAAGTCATTTTTCTTA	1	0	0	0
CGGGCGAAGAACTGGATGTCGTCGATCAACA	1	1	0	0
ACAAGGAAGTCATTTTTCTTTTAAAGGATAG	1	1	0	0
AAGAACCCGAACGCCAAGGTGGTCTACCTGC	1	1	0	0
CGGACATGGTGAAGGCCTTGCAGCTCAACGC	1	1	0	0
CGGCCACCGTCAGGCCCCAGCCGAAGCGGGA	1	1	0	0
CGTTGAGCTGCAAGGCCTTCACCATGTCCGC	1	1	0	0
CCGTTCCAACGTGCGCGAACTGGAAGGTGCG	1	1	0	0
CTTCCTGAGCGAAGCCTGGGGATGAACGAGA	1	1	0	0
GTGCGTCCACCGAGCGGTAGAAGCGCTTGAA	1	1	0	0
ACCACCTTGGCGTTCGGGTTCTTCTTCAGCA	1	1	0	0
TCCCCCAAAGATTGGAAAGGCGGCACAACGA	1	1	0	0
GGATCGCTCGACACGCTGGGAGCCGTCGTCA	1	1	0	0
AGGGCAAGTCCAACCAGTTGGCCCGCGCCGC	1	1	0	0
AAAGGATAGAAACGGTTAATGCTCTTGGGAC	1	1	0	0
GAGATGGTTATCCACAGCGGTTTTTTCCACA	1	1	0	0
ACAACCTTCATCATCATTGCCTGCCGGAGAA	1	0	0	0
GCCGCCGCCTGGCAGGTGGCGGACAACCTCA	1	1	0	0
GAGAAGGGCATTGAAGGTGTGGAAGAACTCC	1	1	0	0
GGGCAACCACCTGCTGAAGAAGAACCCGAAC	1	1	0	0
CAGGCGAAGATCGAGCTGCCGCACGATGCGG	1	1	0	0
CCGCCGGCGCCAGTGCAGCCGGTATCGGCCG	1	1	0	0
CACCGAGCAGTTCCAGAAGCCGACCGAGGTA	1	1	0	0
CCCGTTCGATTTCACTAGAATCGCCGGTCTC	1	1	0	0
ATGAAGAAGGCCGCATCGTGCGGCAGCTCGA	1	1	0	0
AGGCTTCGCTCAGGAAGGAAACAGCCTCGTC	1	0	0	0
CGTTGCGCTCGGTGCGCACCGCAGGCGCTGC	1	1	0	0
ATCAGGATCGCCACCCGGGTTTCCAGTTCCG	1	1	0	0
ACTGGATGTCGTCGATCAACAGTGCGTCCAC	1	1	0	0
CCGAGCGCGAACGCCGCTTGGACAACAGATC	1	0	0	0
GGATGTCGTCGATCAACAGTGCGTCCACCGA	1	1	0	0
CATGCCGGCCGGAGCAGCGCCTGCGGTGCGC	1	1	0	0
CGTCCCAACAATTCAACACCTGGATCCGTCC	1	1	0	0
TAAGTTGAGCGATCTTACGACAGGCGTGCAA	1	0	0	0
GAAGGTGCGCTGAAGCACACCAGCTATCTCA	1	1	0	0
ACGTTGGAACGGATGCGCTGGGCGATGAAGA	1	1	0	0
GGCTTCATCGAGTTATGCACCAAGAGCATTA	1	0	0	0
ATCAGCTCGATGGTGATCGGCCGGCCCATGA	1	1	0	0
AGTTGAGCGATCTTACGACAGGCGTGCAACA	1	0	0	0
CGACGGACGGTCGTCCTGGACTTTGTGGATA	1	1	0	0
CACGGATATCCCCCAAAGATTGGAAAGGCGG	1	1	0	0
GCCGGTATCGGCCGCGCCCGTGGTAGTGCCA	1	1	0	0
AGGCCCCAAGCAAATCAAGACCTTAATAAAA	1	1	0	0
ATTCCCTAAGTTGAGCGATCTTACGACAGGC	1	0	0	0
CCACGTGAAGAGCTGCCGCCAGTGACGACGG	1	1	0	0
CGCCGCGTTCACCGAGCAGTTCCAGAAGCCG	1	1	0	0
AAGGAAAGCGCGGGCAACTGACCCTCGCCGC	1	1	0	0
CAACCGTTTCGTCCTCGATTGGGTGAACGAG	1	1	0	0
CTCGATCTTCGCCTGCTCAGCCTTCTTCATC	1	1	0	0
CTGGAAACCCGGGTGGCGATCCTGATGAAGA	1	1	0	0
GAGAAGATCCACGCACTGCTGCCAAAGTTCC	1	0	0	0
AATATATATAATATATAAGAAAAATGACTTC	1	0	0	0
CACCTGCTGAAGAAGAACCCGAACGCCAAGG	1	1	0	0
GCGTCGGATTCCCTAAGTTGAGCGATCTTAC	1	0	0	0
AGGCTGTTTCCTTCCTGAGCGAAGCCTGGGG	1	1	0	0
AAGCAAATCAAGACCTTAATAAAAGCAGGCA	1	1	0	0
CCACCTGCTGAAGAAGAACCCGAACGCCAAG	1	1	0	0
GGGACGGATCCAGGTGTTGAATTGTTGGGAC	1	1	0	0
CACGCCTGTCGTAAGATCGCTCAACTTAGGG	1	0	0	0
GAAGCACACCAGCTATCTCAACCGTACCTTC	1	1	0	0
AATCAAGACCTTAATAAAAGCAGGCAGGCCG	1	1	0	0
GGCAACTGACCCTCGCCGCGTTCACCGAGCA	1	1	0	0
CCGTCCGTCGGCCTGCCTGCTTTTATTAAGG	1	1	0	0
CGAGCCGCCGGAACTGGAAACCCGGGTGGCG	1	1	0	0
CGGGCAGGTCAATTTCCAACCAGCGATGATA	1	0	0	0
ATTGCCTGCCGGAGAAACACGCAATTGCTGG	1	0	0	0
CGTTTCTATCCTTTAAAAGAAAAATGACTTC	1	1	0	0
AGCCGGACGGGCCGGACTTATCCACATGCCG	1	1	0	0
CTTATCCACATGCCGATGCGCTGAGGCCCCA	1	1	0	0
GACGGACGGTCGTCCTGGACTTTGTGGATAA	1	1	0	0
GGTCAATTTCCAACCAGCGATGATAGATACA	1	0	0	0
CCAGCGGATCGATGCTGGGTTCTTCCGGCTC	1	1	0	0
CAAGGGTTATCCACAAAGTCCAGGACGACCG	1	1	0	0
GGATATCCGTGTCCGTGGAACTTTGGCAGCA	1	1	0	0
ATATATTATATATATTTAAAGGATAGAAACG	1	0	0	0
GCGTGGCCTTCGGCGGTCGGGATCACACCAC	1	0	0	0
GGCTCGACGGCCACCGTCAGGCCCCAGCCGA	1	1	0	0
TGGTGAAGGCCTTGCAGCTCAACGCCATCAA	1	1	0	0
CACCGTCGCCGAGTACTACAAGATCAAGATA	1	1	0	0
ACGCACTGCTGCCAAAGTTCCACGGACACGG	1	1	0	0
CGGCGGCGCGGGCCAACTGGTTGGACTTGCC	1	1	0	0
CAACCTTCATCATCATTGCCTGCCGGAGAAA	1	0	0	0
GGTTCTCGACAACCTTTTGCCTGCCGGAGAA	1	1	0	0
CAGCGGTTTTTTCCACACGGCTGTGCGCAGG	1	1	0	0
GCCCAGCGCATCCGTTCCAACGTGCGCGAAC	1	1	0	0
ATAGCTGGTGTGCTTCAGCGCACCTTCGACC	1	1	0	0
ACTGGCGGCAGCTCTTCACGTGGCACTACCA	1	1	0	0
GCAAAAGGTTGTCGAGAACCGGTGTCGAGGC	1	1	0	0
CCGCTCTTCCAGGCCTTCGATTTCCTTCGGA	1	1	0	0
GATTCTAGTGAAATCGAAAATAATAAAGAGA	0	0	1	1
CGTCTCGACAACCTTCATCATCATTGCCTGC	1	0	0	0
ATCCTTTAAATATATATAATATATAAGAAAA	1	0	0	0
CGCCCGTAAGGAGCGCTCCCAGGAGGAGTTC	1	1	0	0
GTGTGGAGACCGGCGATTCTAGTGAAATCGA	1	0	0	0
AGCGCATCGGCATGTGGATAAGTCCGGCCCG	1	1	0	0
GATCGGATATCTTGATCTTGTAGTACTCGGC	1	1	0	0
AAAAGCAGGCAGGCCGACGGACGGTCGTCCT	1	1	0	0
ACGGGCCGGACTTATCCACATGCCGATGCGC	1	1	0	0
CCCAGGAGGAGTTCTTCCACACCTTCAATGC	1	1	0	0
GAAGAAGAACCCGAACGCCAAGGTGGTCTAC	1	1	0	0
CTAGAATCGCCGGTCTCTTTATTATTTTCGA	0	0	1	1
GAGACCGGCGATTCTAGTGAAATCGAACGGA	0	0	1	1
GCAAGACCCACCTGATGCATGCGGTGGGCAA	1	1	0	0
ACCTCGGTCGGCTTCTGGAACTGCTCGGTGA	1	1	0	0
AAAGTCCAGGACGACCGTCCGTCGGCCTGCC	1	1	0	0
AAGCGGGATTTCAGCCGCTCTTCCAGGCCTT	1	1	0	0
GAAATACCTCGGTCGGCTTCTGGAACTGCTC	1	1	0	0
AGCACGGCTACAACCCGCTGTTCCTCTACGG	1	1	0	0
GATAACCATCTCGTTCATCCCCAGGCTTCGC	1	1	0	0
AAGAACCCAGCATCGATCCGCTGGCCGCCGC	1	1	0	0
AGGCTTCGCTCAGGAAGGAAACAGCCTCGAC	1	1	0	0
AGTTCCGGCGGCTCGACGGCCACCGTCAGGC	1	1	0	0
AAGGCCGCATCGTGCGGCAGCTCGATCTTCG	1	1	0	0
CGGACACGGATATCCCCCAAAGATTGGAAAG	1	1	0	0
AATAGGCGCTTATTTCGTTGTGCCGCCTTTC	1	1	0	0
AAGAGACCGGCGATTCTAGTGAAATCGAACG	1	1	1	1
GAGCGGCTGAAATCCCGCTTCGGCTGGGGCC	1	1	0	0
CGGTCGCTGGTGAGGATCACCTGCTGGCCGC	1	1	0	0
AGAACCGGTGTCGAGGCTGTTTCCTTCCTGA	1	1	0	0
GATCCACGCACTGCTGCCAAAGTTCCACGGA	1	0	0	0
ACTTGCCCTCGACAAAGTTCTCGAAGGTGAA	1	1	0	0
ACGTTGCGCTCGGTGCGCACCGCAGGCGCTG	1	1	0	0
GGTTGTCGAGACGAGGCTGTTTCCTTCCTGA	1	0	0	0
GCTGTGCGCAGGGATGTACCCCCTTCAAAGC	1	1	0	0
CCAAGCAAATCAAGACCTTAATAAAAGCAGG	1	1	0	0
AAGGAAGTCATTTTTCTTTTAAAGGATAGAA	1	1	0	0
ATGACGTAATAGATAGATACAAGGAAGTCAT	1	0	0	0
AAGAAGAACCCGAACGCCAAGGTGGTCTACC	1	1	0	0
CAGTGCGTGGATCTTCTCCGCGATGAGCTGC	1	0	0	0
ATCGTCCCATCGCAGACCCACGTGGCTCCCC	1	1	0	0
AGGACAAGCTGGTCAGCATCGACAACATCCA	1	1	0	0
ACAGGCGTGCAACACCGTGGTGTGATCCCGA	1	0	0	0
TACCTGCATTCGGAACGTTTCGTCGCGGACA	1	1	0	0
AGTGAAATCGAAAAATACAAAGAGACCGGCG	0	0	1	1
CGTGTTTCTCCGGCAGGCAATGATGATGAAG	1	0	0	0
AAACACGCAATTGCTGGGCTTCATCGAGTTA	1	1	0	0
ATTGCGTGTTTCTCCGGCAGGCAAAAGGTTG	1	1	0	0
CCGGTATCGGCCGCGCCCGTGGTAGTGCCAC	1	1	0	0
CCGTTCGATTTCACTAGAATCGCCGGTCTCC	1	0	0	0
GCTTCGCTCAGGAAGGAAACAGCCTCGACAC	1	1	0	0
ATAAGGAAAGCGCGGGCAACTGACCCTCGCC	1	1	0	0
CGAGTCGCTGAAGGACCTGTTGGCCCTTCAG	1	1	0	0
GACCGGCGATTCTAGTGAAATCGAACGGGCA	1	1	0	0
CCGGCCCATGAAGTGCGAGTGGGCTATCACC	1	1	0	0
GCTGCCGCACGATGCGGCCTTCTTCATCGCC	1	1	0	0
CTTCTCGAAGGCGGCCAGCAGGTGATCCTCA	1	1	0	0
CCTGAAGGGCCAACAGGTCCTTCAGCGACTC	1	1	0	0
AATTTCCAACCAGCGATGATAGATACAAGGA	1	0	0	0
AGGTACGGTTGAGATAGCTGGTGTGCTTCAG	1	1	0	0
ACCAGCTTGTCCTGAAGGGCCAACAGGTCCT	1	1	0	0
CAGGTGATCCTCACCAGCGACCGCTATCCGA	1	1	0	0
CATCGTGCGGCAGCTCGATCTTCGCCTGCTC	1	1	0	0
CCTTCACCTTCGAGAACTTTGTCGAGGGCAA	1	1	0	0
GGCCTGACGGTGGCCGTCGAGCCGCCGGAAC	1	1	0	0
AGAGAGACCGGCGATTCTAGTGAAATCGAAC	0	0	1	1
ATCCCCAGGCTTCGCTCAGGAAGGAAACAGC	1	1	0	0
AAACGGTTGGGTGCATACACACGCAATTCGT	1	1	0	0
GATCCGTCCCTTGCAGGTCGAAGCCGAAGGC	1	1	0	0
GGCAGCAGTGCGTGGATCTTCTCCGCGATGA	1	0	0	0
GGTGCGCTGAAGCACACCAGCTATCTCAACC	1	1	0	0
CGACCGCCGAAGGCCACGCCGATCTCCGGCA	1	0	0	0
CGGATATCCCCCAAAGATTGGAAAGGCGGCA	1	1	0	0
AGGCGACGAATTGCGTGTGTATGCACCCAAC	1	1	0	0
CGATCTTCGCCTGCTCAGCCTTCTTCATCAG	1	1	0	0
CAACCTCAAGCACGGCTACAACCCGCTGTTC	1	1	0	0
GAGACCGGCGATTCTAGTGAAATCGAACAAA	0	0	1	1
ACGATGCGGCCTTCTTCATCGCCCAGCGCAT	1	1	0	0
CAGCGGGTTGTAGCCGTGCTTGAGGTTGTCC	1	1	0	0
GAACTTTGGCAGCAGTGCGTGGATCTTCTCC	1	0	0	0
CGGCGTGGCCTTCGGCGGTCGGGATCACACC	1	0	0	0
GTTTCTCCGGCAGGCAAAAGGTTGTCGAGAA	1	1	0	0
GCTCGACGGCCACCGTCAGGCCCCAGCCGAA	1	1	0	0
CCGGTCTCTTCTATTTGTTCGATTTCACTAG	0	0	1	1
CTGAAGCGGGTGATAGCCCACTCGCACTTCA	1	1	0	0
ACCTGGATCCGTCCCTTGCAGGTCGAAGCCG	1	1	0	0
ACCGTTTCTATCCTTTAAATATATATAATAT	1	0	0	0
TACCGGCTGCACTGGCGCCGGCGGCGGAGCA	1	1	0	0
AGGTGTTGAATTGTTGGGACGGCAGCTCATC	1	0	0	0
AAGCAGGCAGGCCGACGGACGGTCGTCCTGG	1	1	0	0
CTTGCTTTGAAGGGGGTACATCCCTGCGCAC	1	1	0	0
ACGCCGCGCGCCGCCATCGTCCCATCGCAGA	1	1	0	0
GCCGGTCTCTTTGTATTTTTCGATTTCACTA	0	0	1	1
CGATACCGGCTGCACTGGCGCCGGCGGCGGA	1	1	0	0
TCTTGGTGCATAACTCGATGAAGCCCAGCAA	1	0	0	0
AGCGCACCTTCGACCTGGACGTTGCGCTCGG	1	1	0	0
ATCGCTCAACTTAGGGAATCCGACGCGGATA	1	0	0	0
CCGTGCTTGAGGTTGTCCGCCACCTGCCAGG	1	1	0	0
AAGCACACCAGCTATCTCAACCGTACCTTCA	1	1	0	0
CCCGAACGCCAAGGTGGTCTACCTGCATTCG	1	1	0	0
GAAGGAAACAGCCTCGACACCGGTTCTCGAC	1	1	0	0
GTCGCGGACATGGTGAAGGCCTTGCAGCTCA	1	1	0	0
GATTCTAGTGAAATCGAACGAAAAAGAGAGA	0	0	1	1
GAGCAGCGCCTGCGGTGCGCACCGAGCGCAA	1	1	0	0
CTCATAGGGATCGCTCGACACGCTGGGAGCC	1	1	0	0
CTCTTTTTCGTTCGATTTCACTAGAATCGCC	0	0	1	1
CTATTACGTCATCGCTGGTTGGAAATTGACC	1	0	0	0
GCTGCCAAAGTTCCACGGACACGGATATCCC	1	1	0	0
TGTGGAGACCGGCGATTCTAGTGAAATCGAA	1	0	0	0
CAGAAAAGCGCCGTCCCAAGAGCATTAACCG	1	1	0	0
ACGGATATCCCCCAAAGATTGGAAAGGCGGC	1	1	0	0
AGCCGAAGCGGGATTTCAGCCGCTCTTCCAG	1	1	0	0
ACCATCTCGTTCATCCCCAGGCTTCGCTCAG	1	1	0	0
CTCGATGAAGCCCAGCAATTGCGTGTTTCTC	1	1	0	0
CGACGAAACGTTCCGAATGCAGGTAGACCAC	1	1	0	0
ACTGGTTGGACTTGCCCTCGACAAAGTTCTC	1	1	0	0
AGTTCGCGCACGTTGGAACGGATGCGCTGGG	1	1	0	0
TCGAGAACTTTGTCGAGGGCAAGTCCAACCA	1	1	0	0
CCACAGCGGTTTTTTCCACACGGCTGTGCGC	1	1	0	0
CCGTCCCAACAATTCAACACCTGGATCCGTC	1	1	0	0
AAGAGAGACCGGCGATTCTAGTGAAATCGAA	0	0	1	1
GGCATGTGGATAAGTCCGGCCCGTCCGGCTA	1	1	0	0
CTGGATGTCGTCGATCAACAGTGCGTCCACC	1	1	0	0
CTATCACCCGCTTCAGCGCACCTTCCAGTTC	1	1	0	0
ACGGTTGAGATAGCTGGTGTGCTTCAGCGCA	1	1	0	0
ATTGTAGCCGGACGGGCCGGACTTATCCACA	1	1	0	0
CCGGCGATTCTAGTGAAATCGAACGGGCAGG	1	1	0	0
AAGCCGACCGAGGTATTTCTCGTTCACCCAA	1	1	0	0
AAATAGAAGAGACCGGCGATTCTAGTGAAAT	0	0	1	1
AAGGAAACAGCCTCGTCTCGACAACCTTCAT	1	0	0	0
GACCGTCCGTCGGCCTGCCTGCTTTTATTAA	1	1	0	0
AGCGCCTGCGGTGCGCACCGAGCGCAACGTC	1	1	0	0
GCCGTCCCAAGAGCATTAACCGTTTCTATCC	1	1	0	0
CAGACCGACGCCACCGTAGAGGAACAGCGGG	1	1	0	0
AGGTATTTCTCGTTCACCCAATCGAGGACGA	1	1	0	0
GGCAAGACCCACCTGATGCATGCGGTGGGCA	1	1	0	0
CCGGCGATTCTAGTGAAATCGAACAAATAGA	0	0	1	1
CGGATAGCGGTCGCTGGTGAGGATCACCTGC	1	1	0	0
CCTTCCAGTTCGCGCACGTTGGAACGGATGC	1	1	0	0
AGCAGTGCGTGGATCTTCTCCGCGATGAGCT	1	0	0	0
TCAAAGCAAGGGTTATCCACAAAGTCCAGGA	1	1	0	0
ACGTCATCGCTGGTTGGAAATTGACCTGCCC	1	1	0	0
CGTGGATCTTCTCCGCGATGAGCTGCCGTCC	1	0	0	0
GACTTATCCACATGCCGATGCGCTGAGGCCC	1	1	0	0
ATGAAGAAGGCTGAGCAGGCGAAGATCGAGC	1	1	0	0
GTCAATTTCCAACCAGCGATGACGTAATAGA	1	0	0	0
CGTAGCCGTACGCCGCGCGCCGCCATCGTCC	1	1	0	0
CGAGGTATTTCTCGTTCACCCAATCGAGGAC	1	1	0	0
GCGACGGTGCGCTGGATGTTGTCGATGCTGA	1	1	0	0
CAGGCAATGATGATGAAGGTTGTCGAGACGA	1	0	0	0
GTCAATTTCCAACCAGCGATGATAGATACAA	1	0	0	0
CAACCAGTTGGCCCGCGCCGCCGCCTGGCAG	1	1	0	0
ACTTTGTGGATAACCCTTGCTTTGAAGGGGG	1	1	0	0
AACCCAGCATCGATCCGCTGGCCGCCGCCAT	1	1	0	0
GCCGATCTCCGGCAGGCTGTGGTTGGTCAGC	1	0	0	0
GATTCGCGAGTCGCTGAAGGACCTGTTGGCC	1	1	0	0
CCGGAACTGGAAACCCGGGTGGCGATCCTGA	1	1	0	0
AATAAGGAAAGCGCGGGCAACTGACCCTCGC	1	1	0	0
AAAAGAAAAATGACTTCCTTGTATCTATACG	0	1	0	0
CATCAGGATCGCCACCCGGGTTTCCAGTTCC	1	1	0	0
GGCCGGCCCATGAAGTGCGAGTGGGCTATCA	1	1	0	0
CATCCAGCGCACCGTCGCCGAGTACTACAAG	1	1	0	0
CTGTTGATCGACGACATCCAGTTCTTCGCCC	1	1	0	0
CCGGAGCAGCGCCTGCGGTGCGCACCGAGCG	1	1	0	0
GTATCTATCTATTACGTCATCGCTGGTTGGA	1	0	0	0
CTCTCCAAGGAGCTGACCAACCACAGCCTGC	1	0	0	0
TATCTATACGTCATCGCTGGTTGGAAATTGA	0	1	0	0
CGGTTGCTCCGCCGCCGGCGCCAGTGCAGCC	1	1	0	0
GCGGCTCGACGGCCACCGTCAGGCCCCAGCC	1	1	0	0
CTCTTCACGTGGCACTACCACGGGCGCGGCC	1	1	0	0
TATCTATCTATTACGTCATCGCTGGTTGGAA	1	0	0	0
AATAGGCAGCAAGCGTAGCCGTACGCCGCGC	1	1	0	0
CCAACCAGCGATGATAGATACAAGGAAGTCA	1	0	0	0
TTATATATTATATATATTTAAAGGATAGAAA	1	0	0	0
GAACGCCAAGGTGGTCTACCTGCATTCGGAA	1	1	0	0
AGATCGGCGTGGCCTTCGGCGGTCGGGATCA	1	0	0	0
GCGTGTTTCTCCGGCAGGCAATGATGATGAA	1	0	0	0
AAAAGGTTGTCGAGAACCGGTGTCGAGGCTG	1	1	0	0
AGATCAAGATATCCGATCTGTTGTCCAAGCG	1	1	0	0
AAGAAGGCCGCATCGTGCGGCAGCTCGATCT	1	1	0	0
AGATCGGATATCTTGATCTTGTAGTACTCGG	1	1	0	0
CGACATCCAGTTCTTCGCCCGTAAGGAGCGC	1	1	0	0
ATATATAAGAAAAATGACTTCCTTGTATCTA	1	0	0	0
TCCTTCCTGAGCGAAGCCTGGGGATGAACGA	1	1	0	0
CCAGTTCTTCGCCCGTAAGGAGCGCTCCCAG	1	1	0	0
ATCCGAAGGAAATCGAAGGCCTGGAAGAGCG	1	1	0	0
CAGGTGGCGGACAACCTCAAGCACGGCTACA	1	1	0	0
CGACAGGCGTGCAACACCGTGGTGTGATCCC	1	0	0	0
GCAGCTCTTCACGTGGCACTACCACGGGCGC	1	1	0	0
AAATGACTTCCTTGTATCTATCTATTACGTC	1	0	0	0
CACCTGGATCCGTCCCTTGCAGGTCGAAGCC	1	1	0	0
ATGTGGATAAGTCCGGCCCGTCCGGCTACAA	1	1	0	0
CGTTGGAACGGATGCGCTGGGCGATGAAGAA	1	1	0	0
CGGGCAGGTCAATTTCCAACCAGCGATGACG	1	1	0	0
CTCGCACTTCATGGGCCGGCCGATCACCATC	1	1	0	0
CGCTCGGTGGCGCGCCCGCGCCAGGTGGCCA	1	0	0	0
ATCCACATGCCGATGCGCTGAGGCCCCAAGC	1	1	0	0
ATCCCCCAAAGATTGGAAAGGCGGCACAACG	1	1	0	0
CAGGCGCTGCTCCGGCCGGCATGGCGGCGGC	1	1	0	0
CGATGAAGAAGGCCGCATCGTGCGGCAGCTC	1	1	0	0
AAATCGAACGAAAAAGAGAGACCGGCGATTC	0	0	1	1
CGGATATCTTGATCTTGTAGTACTCGGCGAC	1	1	0	0
CTTCAGCGCACCTTCGACCTGGACGTTGCGC	1	1	0	0
CCCACTCGCACTTCATGGGCCGGCCGATCAC	1	1	0	0
CCACGGTGTTGCACGCCTGTCGTAAGATCGC	1	0	0	0
CTGGGCGATGAAGAAGGCCGCATCGTGCGGC	1	1	0	0
GACAACCTTTTGCCTGCCGGAGAAACACGCA	1	1	0	0
ATACAAGGAAGTCATTTTTCTTTTAAAGGAT	1	1	0	0
ATCCCGCTTCGGCTGGGGCCTGACGGTGGCC	1	1	0	0
GCCCAGACCGACGCCACCGTAGAGGAACAGC	1	1	0	0
TGTGCGCAGGGATGTACCCCCTTCAAAGCAA	1	1	0	0
CACCTGCCAGGCGGCGGCGCGGGCCAACTGG	1	1	0	0
CCATCTCGTTCATCCCCAGGCTTCGCTCAGG	1	1	0	0
CGCGAACTGGAAGGTGCGCTGAAGCGGGTGA	1	1	0	0
CAGGTGGTTGCCCACCGCATGCATCAGGTGG	1	1	0	0
CCGCCAGTGACGACGGCTCCCAGCGTGTCGA	1	1	0	0
AGCACACCAGCTATCTCAACCGTACCTTCAC	1	1	0	0
ACAAATAGAAGAGACCGGCGATTCTAGTGAA	0	0	1	1
ACCGTAGAGGAACAGCGGGTTGTAGCCGTGC	1	1	0	0
ACCGCCGAAGGCCACGCCGATCTCCGGCAGG	1	0	0	0
ATTTCCAACCAGCGATGATAGATACAAGGAA	1	0	0	0
CCCAAGCAAATCAAGACCTTAATAAAAGCAG	1	1	0	0
AAGAACTCCTCCTGGGAGCGCTCCTTACGGG	1	1	0	0
GCAGCAAGCGTAGCCGTACGCCGCGCGCCGC	1	1	0	0
GAGACCGGCGATTCTAGTGAAATCGAAAATA	0	0	1	1
GGTTGTAGCCGTGCTTGAGGTTGTCCGCCAC	1	1	0	0
AGGTCGAAGGTGCGCTGAAGCACACCAGCTA	1	1	0	0
CATTCGGAACGTTTCGTCGCGGACATGGTGA	1	1	0	0
CATGGCCACCTGGCGCGGGCGCGCCACCGAG	1	0	0	0
ACTTTGTCGAGGGCAAGTCCAACCAGTTGGC	1	1	0	0
ATCGAACGGGCAGGTCAATTTCCAACCAGCG	1	1	0	0
GAACGAGAAATACCTCGGTCGGCTTCTGGAA	1	1	0	0
CGCCATCAACGAATTCAAGCGCTTCTACCGC	1	1	0	0
ACGGATGCGCTGGGCGATGAAGAAGGCCGCA	1	1	0	0
CCTCCGGTTGCTCCGCCGCCGGCGCCAGTGC	1	1	0	0
GCTTGAATTCGTTGATGGCGTTGAGCTGCAA	1	1	0	0
GCCAGCAGGTGATCCTCACCAGCGACCGCTA	1	1	0	0
CCCGGGTTTCCAGTTCCGGCGGCTCGACGGC	1	1	0	0
CTAGAATCGCCGGTCTCTCTTTTTCGTTCGA	0	0	1	1
GCCTTCTTCATCGCCCAGCGCATCCGTTCCA	1	1	0	0
GAAACAGCCTCGACACCGGTTCTCGACAACC	1	1	0	0
GGAATCCGACGCGGATATCCGCGAGGACTAC	1	0	0	0
AAATCGAACGGGCAGGTCAATTTCCAACCAG	1	1	0	0
CGAGGACGAAACGGTTGGGTGCATACACACG	1	1	0	0
AAGGGGGTACATCCCTGCGCACAGCCGTGTG	1	1	0	0
ATAAGCGCCTATTGTAGCCGGACGGGCCGGA	1	1	0	0
GCACCCAACCGTTTCGTCCTCGATTGGGTGA	1	1	0	0
CAGTTGGCCCGCGCCGCCGCCTGGCAGGTGG	1	1	0	0
CGATGAAGCCCAGCAATTGCGTGTTTCTCCG	1	1	0	0
CGCCACCTGCCAGGCGGCGGCGCGGGCCAAC	1	1	0	0
CACTGGCGGCAGCTCTTCACGTGGCACTACC	1	1	0	0
CCACAAAGTCCAGGACGACCGTCCGTCGGCC	1	1	0	0
GCCTGCTCAGCCTTCTTCATCAGGATCGCCA	1	1	0	0
CAACTTAGGGAATCCGACGCGGATATCCGCG	1	0	0	0
AATAAAGAGACCGGCGATTCTAGTGAAATCG	0	0	1	1
CCATCGTCCCATCGCAGACCCACGTGGCTCC	1	1	0	0
ATGCATCAGGTGGGTCTTGCCCAGACCGACG	1	1	0	0
GCGCGGGCGCGCCACCGAGCGCGAACGCCGC	1	0	0	0
CGACGGTGCGCTGGATGTTGTCGATGCTGAC	1	1	0	0
CGAAAAAGAGAGACCGGCGATTCTAGTGAAA	0	0	1	1
CAAAGAGACCGGCGATTCTAGTGAAATCGAA	0	0	1	1
AATCGAACGGGCAGGTCAATTTCCAACCAGC	1	1	0	0
GTGGCCATGGCGCTCTCCAAGGAGCTGACCA	1	0	0	0
ATTGCTGGGCTTCATCGAGTTATGCACAGAA	1	1	0	0
AGGCGGCCAGCAGGTGATCCTCACCAGCGAC	1	1	0	0
CGAGCTGCCGCACGATGCGGCCTTCTTCATC	1	1	0	0
ATCGCAGACCCACGTGGCTCCCCCGCCTCCG	1	1	0	0
CACTACCACGGGCGCGGCCGATACCGGCTGC	1	1	0	0
GTTCTTCTTCAGCAGGTGGTTGCCCACCGCA	1	1	0	0
CGGCTCCCAGCGTGTCGAGCGATCCCTATGA	1	1	0	0
GCGCGCCGCCATCGTCCCATCGCAGACCCAC	1	1	0	0
CAGCGCACCGTCGCCGAGTACTACAAGATCA	1	1	0	0
CCATCGAGCTGATTCGCGAGTCGCTGAAGGA	1	1	0	0
AGCGGCTGAAATCCCGCTTCGGCTGGGGCCT	1	1	0	0
GACGATGGCGGCGCGCGGCGTACGGCTACGC	1	1	0	0
CAAAGCAAGGGTTATCCACAAAGTCCAGGAC	1	1	0	0
GATTTCACTAGAATCGCCGGTCTCTTTATTA	0	0	1	1
ATTTCTCGTTCACCCAATCGAGGACGAAACG	1	1	0	0
AAGATTGGAAAGGCGGCACAACGAAATAAGC	1	1	0	0
CGGAGATCGGCGTGGCCTTCGGCGGTCGGGA	1	0	0	0
GGACGGCGCTTTTCTGTGCATAACTCGATGA	1	1	0	0
CCGCTCGGTGGACGCACTGTTGATCGACGAC	1	1	0	0
AAGGTTGTCGAGACGAGGCTGTTTCCTTCCT	1	0	0	0
CGTGGCCTTCGGCGGTCGGGATCACACCACG	1	0	0	0
GGGTTGTAGCCGTGCTTGAGGTTGTCCGCCA	1	1	0	0
CGCCTGCTCAGCCTTCTTCATCAGGATCGCC	1	1	0	0
CTGGATCCGTCCCTTGCAGGTCGAAGCCGAA	1	1	0	0
GACCAGCTTGTCCTGAAGGGCCAACAGGTCC	1	1	0	0
GACGGTGCGCTGGATGTTGTCGATGCTGACC	1	1	0	0
GGACGAAACGGTTGGGTGCATACACACGCAA	1	1	0	0
CCGCCGGAACTGGAAACCCGGGTGGCGATCC	1	1	0	0
AGCGCTCCTTACGGGCGAAGAACTGGATGTC	1	1	0	0
CCGCATGCATCAGGTGGGTCTTGCCCAGACC	1	1	0	0
GGCGTTCGCGCTCGGTGGCGCGCCCGCGCCA	1	0	0	0
CACTAGAATCGCCGGTCTCTCTTTTTCGTTC	0	0	1	1
CCCCTTCAAAGCAAGGGTTATCCACAAAGTC	1	1	0	0
ACCAGTTGGCCCGCGCCGCCGCCTGGCAGGT	1	1	0	0
ACCTTCATCATCATTGCCTGCCGGAGAAACA	1	0	0	0
GCACCGAGCGCAACGTCCAGGTCGAAGGTGC	1	1	0	0
GGCGCTTTTCTGTGCATAACTCGATGAAGCC	1	1	0	0
GATGCGCTGAGGCCCCAAGCAAATCAAGACC	1	1	0	0
GAGATCGGCGTGGCCTTCGGCGGTCGGGATC	1	0	0	0
TCTTCTCCGCGATGAGCTGCCGTCCCAACAA	1	0	0	0
CGTTGATGGCGTTGAGCTGCAAGGCCTTCAC	1	1	0	0
CCGTTTCGTCCTCGATTGGGTGAACGAGAAA	1	1	0	0
ACCGTACCTTCACCTTCGAGAACTTTGTCGA	1	1	0	0
CCTGATGAAGAAGGCTGAGCAGGCGAAGATC	1	1	0	0
GCCCGCGCCGCCGCCTGGCAGGTGGCGGACA	1	1	0	0
GCTACGCTTGCTGCCTATTAATAAGGAAAGC	1	1	0	0
GAGAAATACCTCGGTCGGCTTCTGGAACTGC	1	1	0	0
CGGTGGCCGTCGAGCCGCCGGAACTGGAAAC	1	1	0	0
GCAGGTCAATTTCCAACCAGCGATGACGTAA	1	0	0	0
CTTCGCCTGCTCAGCCTTCTTCATCAGGATC	1	1	0	0
ACACGGCTGTGCGCAGGGATGTACCCCCTTC	1	1	0	0
AGAAGGCTGAGCAGGCGAAGATCGAGCTGCC	1	1	0	0
CTGATGCATGCGGTGGGCAACCACCTGCTGA	1	1	0	0
ATGAAGCCCAGCAATTGCGTGTTTCTCCGGC	1	1	0	0
CAGGAGGAGTTCTTCCACACCTTCAATGCCC	1	1	0	0
CCGGCGATTCTAGTGAAATCGAACGAAAAAG	0	0	1	1
ATAGGCGCTTATTTCGTTGTGCCGCCTTTCC	1	1	0	0
ATTAATAGGCAGCAAGCGTAGCCGTACGCCG	1	1	0	0
GCTATCCGAAGGAAATCGAAGGCCTGGAAGA	1	1	0	0
AAATCGAAAAATACAAAGAGACCGGCGATTC	0	0	1	1
ATACGTCATCGCTGGTTGGAAATTGACCTGC	0	1	0	0
AAGGTGCGCTGAAGCACACCAGCTATCTCAA	1	1	0	0
GCCGGCCGATCACCATCGAGCTGATTCGCGA	1	1	0	0
ACGGTGGCGTCGGTCTGGGCAAGACCCACCT	1	1	0	0
CATCGCCCAGCGCATCCGTTCCAACGTGCGC	1	1	0	0
AAGGAAATCGAAGGCCTGGAAGAGCGGCTGA	1	1	0	0
CTTTTATTAAGGTCTTGATTTGCTTGGGGCC	1	1	0	0
CCGGCGCCAGTGCAGCCGGTATCGGCCGCGC	1	1	0	0
CCCGCGCCAGGTGGCCATGGCGCTCTCCAAG	1	0	0	0
CCGGCGATTCTAGTGAAATCGAAAAATACAA	0	0	1	1
AGGATCACCTGCTGGCCGCCTTCGAGAAGGG	1	1	0	0
TCCGTCCCTTGCAGGTCGAAGCCGAAGGCGA	1	1	0	0
ATGGCGGCGCGCGGCGTACGGCTACGCTTGC	1	1	0	0
CACGCAATTCGTCGCCTTCGGCTTCGACCTG	1	1	0	0
ACACACGCAATTCGTCGCCTTCGGCTTCGAC	1	1	0	0
ATTTCGTTGTGCCGCCTTTCCAATCTTTGGG	1	1	0	0
CCTCGACACCGGTTCTCGACAACCTTTTGCC	1	1	0	0
CGGACGGTCGTCCTGGACTTTGTGGATAACC	1	1	0	0
CCTGGACTTTGTGGATAACCCTTGCTTTGAA	1	1	0	0
ACCGCTGTGGATAACCATCTCGTTCATCCCC	1	1	0	0
AAGCGCTTCTACCGCTCGGTGGACGCACTGT	1	1	0	0
CCAATCTTTGGGGGATATCCGTGTCCGTGGA	1	1	0	0
ACAGCCTCGTCTCGACAACCTTCATCATCAT	1	0	0	0
TCACCAGCGACCGCTATCCGAAGGAAATCGA	1	1	0	0
CCACGTGGGTCTGCGATGGGACGATGGCGGC	1	1	0	0
CGCGCCGCCGCCTGGCAGGTGGCGGACAACC	1	1	0	0
AATGCTCTTGGGACGGCGCTTTTCTGTGCAT	1	1	0	0
GCCGGTCTCTCTTTTTCGTTCGATTTCACTA	0	0	1	1
CTGCTCGGTGAACGCGGCGAGGGTCAGTTGC	1	1	0	0
CGGATCCAGGTGTTGAATTGTTGGGACGGCA	1	1	0	0
AATCAGCTCGATGGTGATCGGCCGGCCCATG	1	1	0	0
CGGTGTTGCACGCCTGTCGTAAGATCGCTCA	1	0	0	0
GGCTGAGCAGGCGAAGATCGAGCTGCCGCAC	1	1	0	0
GTAAGGAGCGCTCCCAGGAGGAGTTCTTCCA	1	1	0	0
GACCTGGACGTTGCGCTCGGTGCGCACCGCA	1	1	0	0
AACCGGAGGCGGGGGAGCCACGTGGGTCTGC	1	1	0	0
CTGTGGATAACCATCTCGTTCATCCCCAGGC	1	1	0	0
AGGCAGCAAGCGTAGCCGTACGCCGCGCGCC	1	1	0	0
GGTGAGGATCACCTGCTGGCCGCCTTCGAGA	1	1	0	0
ACACCTGGATCCGTCCCTTGCAGGTCGAAGC	1	1	0	0
ATCCTGATGAAGAAGGCTGAGCAGGCGAAGA	1	1	0	0
ACGTGGCACTACCACGGGCGCGGCCGATACC	1	1	0	0
CGGCGTTCGCGCTCGGTGGCGCGCCCGCGCC	1	0	0	0
CATCGCTGGTTGGAAATTGACCTGCCCGTTC	1	1	0	0
CATCGATCCGCTGGCCGCCGCCATGCCGGCC	1	1	0	0
CGACCTGGACGTTGCGCTCGGTGCGCACCGC	1	1	0	0
CGGGATCACACCACGGTGTTGCACGCCTGTC	1	0	0	0
ATCGAAGGCCTGGAAGAGCGGCTGAAATCCC	1	1	0	0
ATTTAAAGGATAGAAACGGTTAATGCTCTTG	1	0	0	0
GCATCGGCATGTGGATAAGTCCGGCCCGTCC	1	1	0	0
AAACAGCCTCGTCTCGACAACCTTCATCATC	1	0	0	0
TCGCCCAGCGCATCCGTTCCAACGTGCGCGA	1	1	0	0
TCCAACCAGCGATGACGTATAGATACAAGGA	0	1	0	0
ACGGTTAATGCTCTTGGGACGGCGCTTTTCT	1	1	0	0
CTTGCTGCCTATTAATAAGGAAAGCGCGGGC	1	1	0	0
AAAAACCGCTGTGGATAACCATCTCGTTCAT	1	1	0	0
AGAGCGCCATGGCCACCTGGCGCGGGCGCGC	1	0	0	0
AGGGAATCCGACGCGGATATCCGCGAGGACT	1	0	0	0
CGGAGCAGCGCCTGCGGTGCGCACCGAGCGC	1	1	0	0
AAAGGTTGTCGAGAACCGGTGTCGAGGCTGT	1	1	0	0
GAGGCCCCAAGCAAATCAAGACCTTAATAAA	1	1	0	0
TTATCCACATGCCGATGCGCTGAGGCCCCAA	1	1	0	0
ATCGATCCGCTGGCCGCCGCCATGCCGGCCG	1	1	0	0
ACCGAGCGCAACGTCCAGGTCGAAGGTGCGC	1	1	0	0
AGGGTCAGTTGCCCGCGCTTTCCTTATTAAT	1	1	0	0
AGCCGGTATCGGCCGCGCCCGTGGTAGTGCC	1	1	0	0
GAGCGCCATGGCCACCTGGCGCGGGCGCGCC	1	0	0	0
AAGTCATTTTTCTTTTAAAGGATAGAAACGG	1	1	0	0
CGGTTGGGTGCATACACACGCAATTCGTCGC	1	1	0	0
ACTGGAAGGTGCGCTGAAGCGGGTGATAGCC	1	1	0	0
AACGTGCGCGAACTGGAAGGTGCGCTGAAGC	1	1	0	0
CCTGTTGGCCCTTCAGGACAAGCTGGTCAGC	1	1	0	0
ACGCCTGTCGTAAGATCGCTCAACTTAGGGA	1	0	0	0
AAGACCTTAATAAAAGCAGGCAGGCCGACGG	1	1	0	0
AACACCGTGGTGTGATCCCGACCGCCGAAGG	1	0	0	0
AATAAGCGCCTATTGTAGCCGGACGGGCCGG	1	1	0	0
AAACGGTTAATGCTCTTGGTGCATAACTCGA	1	0	0	0
CAGCGACCGCTATCCGAAGGAAATCGAAGGC	1	1	0	0
AGTTATGCACCAAGAGCATTAACCGTTTCTA	1	0	0	0
ATCGAAAAATACAAAGAGACCGGCGATTCTA	0	0	1	1
ACGGGCGAAGAACTGGATGTCGTCGATCAAC	1	1	0	0
AGACCCACGTGGCTCCCCCGCCTCCGGTTGC	1	1	0	0
CGATGCGCTGAGGCCCCAAGCAAATCAAGAC	1	1	0	0
GGGTCAGTTGCCCGCGCTTTCCTTATTAATA	1	1	0	0
CGATTTCCTTCGGATAGCGGTCGCTGGTGAG	1	1	0	0
AAAGATTGGAAAGGCGGCACAACGAAATAAG	1	1	0	0
ATCTTGTAGTACTCGGCGACGGTGCGCTGGA	1	1	0	0
CTGGCGCGGGCGCGCCACCGAGCGCGAACGC	1	0	0	0
CTCCTCCTGGGAGCGCTCCTTACGGGCGAAG	1	1	0	0
ACCACCTGCTGAAGAAGAACCCGAACGCCAA	1	1	0	0
CCGGAAGAACCCAGCATCGATCCGCTGGCCG	1	1	0	0
ATGCCGGCCGGAGCAGCGCCTGCGGTGCGCA	1	1	0	0
GCGCTGAGGCCCCAAGCAAATCAAGACCTTA	1	1	0	0
CACGTTGGAACGGATGCGCTGGGCGATGAAG	1	1	0	0
ACGATGGCGGCGCGCGGCGTACGGCTACGCT	1	1	0	0
CGGATTCCCTAAGTTGAGCGATCTTACGACA	1	0	0	0
GGCGGCGGAGCAACCGGAGGCGGGGGAGCCA	1	1	0	0
CAGCCGGTATCGGCCGCGCCCGTGGTAGTGC	1	1	0	0
GATCCAGGTGTTGAATTGTTGGGACGGCAGC	1	1	0	0
GAAGTGCGAGTGGGCTATCACCCGCTTCAGC	1	1	0	0
AGTGGGCTATCACCCGCTTCAGCGCACCTTC	1	1	0	0
ACCCGAACGCCAAGGTGGTCTACCTGCATTC	1	1	0	0
CGCCTTCGAGAAGGGCATTGAAGGTGTGGAA	1	1	0	0
GACCGGCGATTCTAGTGAAATCGAACAAATA	0	0	1	1
AACTGGATGTCGTCGATCAACAGTGCGTCCA	1	1	0	0
ATCGGCCGGCCCATGAAGTGCGAGTGGGCTA	1	1	0	0
CACCTTCGAGAACTTTGTCGAGGGCAAGTCC	1	1	0	0
AACTTTGGCAGCAGTGCGTGGATCTTCTCCG	1	0	0	0
AGTCCAGGACGACCGTCCGTCGGCCTGCCTG	1	1	0	0
ACGAAACGTTCCGAATGCAGGTAGACCACCT	1	1	0	0
GCTCGGTGAACGCGGCGAGGGTCAGTTGCCC	1	1	0	0
CAACCGGAGGCGGGGGAGCCACGTGGGTCTG	1	1	0	0
CAATTGCTGGGCTTCATCGAGTTATGCACAG	1	1	0	0
CCGCTTCAGCGCACCTTCCAGTTCGCGCACG	1	1	0	0
CCGGACTTATCCACATGCCGATGCGCTGAGG	1	1	0	0
CATGGTGAAGGCCTTGCAGCTCAACGCCATC	1	1	0	0
TCGCTGAAGGACCTGTTGGCCCTTCAGGACA	1	1	0	0
CCGGAGAAACACGCAATTGCTGGGCTTCATC	1	1	0	0
GCCATGGCGCTCTCCAAGGAGCTGACCAACC	1	0	0	0
